nivel,local,dia1,dia2,quantidade,percentual_base,denominador_origem,percentual_origem
Brasil,Brasil,presente,presente,3244348,67.43923844239552,3457555,93.83359049964498
Brasil,Brasil,presente,ausente,211292,4.392060151676279,3457555,6.111023541201803
Brasil,Brasil,presente,eliminado,1915,0.03980650091087252,3457555,0.05538595915321665
Brasil,Brasil,presente,misto,0,0.0,3457555,0.0
Brasil,Brasil,presente,dados_ausentes,0,0.0,3457555,0.0
Brasil,Brasil,presente,codigo_invalido,0,0.0,3457555,0.0
Brasil,Brasil,ausente,presente,15146,0.31483512417549614,1348087,1.123517992533123
Brasil,Brasil,ausente,ausente,1332913,27.70684206193933,1348087,98.87440499018238
Brasil,Brasil,ausente,eliminado,28,0.0005820271673652378,1348087,0.0020770172844927666
Brasil,Brasil,ausente,misto,0,0.0,1348087,0.0
Brasil,Brasil,ausente,dados_ausentes,0,0.0,1348087,0.0
Brasil,Brasil,ausente,codigo_invalido,0,0.0,1348087,0.0
Brasil,Brasil,eliminado,presente,842,0.017502388390054652,5130,16.413255360623783
Brasil,Brasil,eliminado,ausente,4282,0.08900858323778388,5130,83.46978557504873
Brasil,Brasil,eliminado,eliminado,6,0.00012472010729255097,5130,0.11695906432748537
Brasil,Brasil,eliminado,misto,0,0.0,5130,0.0
Brasil,Brasil,eliminado,dados_ausentes,0,0.0,5130,0.0
Brasil,Brasil,eliminado,codigo_invalido,0,0.0,5130,0.0
Brasil,Brasil,misto,presente,0,0.0,0,
Brasil,Brasil,misto,ausente,0,0.0,0,
Brasil,Brasil,misto,eliminado,0,0.0,0,
Brasil,Brasil,misto,misto,0,0.0,0,
Brasil,Brasil,misto,dados_ausentes,0,0.0,0,
Brasil,Brasil,misto,codigo_invalido,0,0.0,0,
Brasil,Brasil,dados_ausentes,presente,0,0.0,0,
Brasil,Brasil,dados_ausentes,ausente,0,0.0,0,
Brasil,Brasil,dados_ausentes,eliminado,0,0.0,0,
Brasil,Brasil,dados_ausentes,misto,0,0.0,0,
Brasil,Brasil,dados_ausentes,dados_ausentes,0,0.0,0,
Brasil,Brasil,dados_ausentes,codigo_invalido,0,0.0,0,
Brasil,Brasil,codigo_invalido,presente,0,0.0,0,
Brasil,Brasil,codigo_invalido,ausente,0,0.0,0,
Brasil,Brasil,codigo_invalido,eliminado,0,0.0,0,
Brasil,Brasil,codigo_invalido,misto,0,0.0,0,
Brasil,Brasil,codigo_invalido,dados_ausentes,0,0.0,0,
Brasil,Brasil,codigo_invalido,codigo_invalido,0,0.0,0,
Região,Centro-Oeste,presente,presente,251704,64.8671494472077,271902,92.5715882928408
Região,Centro-Oeste,presente,ausente,20004,5.155271499626317,271902,7.357062471037359
Região,Centro-Oeste,presente,eliminado,194,0.04999613431951138,271902,0.07134923612183801
Região,Centro-Oeste,presente,misto,0,0.0,271902,0.0
Região,Centro-Oeste,presente,dados_ausentes,0,0.0,271902,0.0
Região,Centro-Oeste,presente,codigo_invalido,0,0.0,271902,0.0
Região,Centro-Oeste,ausente,presente,1394,0.35925057340927247,115703,1.2048088640743975
Região,Centro-Oeste,ausente,ausente,114308,29.458547019560342,115703,98.79432685410059
Região,Centro-Oeste,ausente,eliminado,1,0.00025771203257480093,115703,0.0008642818250175017
Região,Centro-Oeste,ausente,misto,0,0.0,115703,0.0
Região,Centro-Oeste,ausente,dados_ausentes,0,0.0,115703,0.0
Região,Centro-Oeste,ausente,codigo_invalido,0,0.0,115703,0.0
Região,Centro-Oeste,eliminado,presente,61,0.015720433987062857,425,14.352941176470589
Região,Centro-Oeste,eliminado,ausente,364,0.09380717985722753,425,85.6470588235294
Região,Centro-Oeste,eliminado,eliminado,0,0.0,425,0.0
Região,Centro-Oeste,eliminado,misto,0,0.0,425,0.0
Região,Centro-Oeste,eliminado,dados_ausentes,0,0.0,425,0.0
Região,Centro-Oeste,eliminado,codigo_invalido,0,0.0,425,0.0
Região,Centro-Oeste,misto,presente,0,0.0,0,
Região,Centro-Oeste,misto,ausente,0,0.0,0,
Região,Centro-Oeste,misto,eliminado,0,0.0,0,
Região,Centro-Oeste,misto,misto,0,0.0,0,
Região,Centro-Oeste,misto,dados_ausentes,0,0.0,0,
Região,Centro-Oeste,misto,codigo_invalido,0,0.0,0,
Região,Centro-Oeste,dados_ausentes,presente,0,0.0,0,
Região,Centro-Oeste,dados_ausentes,ausente,0,0.0,0,
Região,Centro-Oeste,dados_ausentes,eliminado,0,0.0,0,
Região,Centro-Oeste,dados_ausentes,misto,0,0.0,0,
Região,Centro-Oeste,dados_ausentes,dados_ausentes,0,0.0,0,
Região,Centro-Oeste,dados_ausentes,codigo_invalido,0,0.0,0,
Região,Centro-Oeste,codigo_invalido,presente,0,0.0,0,
Região,Centro-Oeste,codigo_invalido,ausente,0,0.0,0,
Região,Centro-Oeste,codigo_invalido,eliminado,0,0.0,0,
Região,Centro-Oeste,codigo_invalido,misto,0,0.0,0,
Região,Centro-Oeste,codigo_invalido,dados_ausentes,0,0.0,0,
Região,Centro-Oeste,codigo_invalido,codigo_invalido,0,0.0,0,
Região,Nordeste,presente,presente,1219792,70.19860384546767,1285359,94.89893485010802
Região,Nordeste,presente,ausente,64878,3.733706255071563,1285359,5.047461448513606
Região,Nordeste,presente,eliminado,689,0.03965170951238181,1285359,0.05360370137836978
Região,Nordeste,presente,misto,0,0.0,1285359,0.0
Região,Nordeste,presente,dados_ausentes,0,0.0,1285359,0.0
Região,Nordeste,presente,codigo_invalido,0,0.0,1285359,0.0
Região,Nordeste,ausente,presente,5341,0.3073726857846607,450426,1.1857663633982052
Região,Nordeste,ausente,ausente,445074,25.61385335197942,450426,98.81179150404284
Região,Nordeste,ausente,eliminado,11,0.0006330461605750361,450426,0.0024421325589553
Região,Nordeste,ausente,misto,0,0.0,450426,0.0
Região,Nordeste,ausente,dados_ausentes,0,0.0,450426,0.0
Região,Nordeste,ausente,codigo_invalido,0,0.0,450426,0.0
Região,Nordeste,eliminado,presente,329,0.018933835166289718,1845,17.831978319783197
Região,Nordeste,eliminado,ausente,1514,0.08713017155550952,1845,82.05962059620596
Região,Nordeste,eliminado,eliminado,2,0.00011509930192273383,1845,0.10840108401084012
Região,Nordeste,eliminado,misto,0,0.0,1845,0.0
Região,Nordeste,eliminado,dados_ausentes,0,0.0,1845,0.0
Região,Nordeste,eliminado,codigo_invalido,0,0.0,1845,0.0
Região,Nordeste,misto,presente,0,0.0,0,
Região,Nordeste,misto,ausente,0,0.0,0,
Região,Nordeste,misto,eliminado,0,0.0,0,
Região,Nordeste,misto,misto,0,0.0,0,
Região,Nordeste,misto,dados_ausentes,0,0.0,0,
Região,Nordeste,misto,codigo_invalido,0,0.0,0,
Região,Nordeste,dados_ausentes,presente,0,0.0,0,
Região,Nordeste,dados_ausentes,ausente,0,0.0,0,
Região,Nordeste,dados_ausentes,eliminado,0,0.0,0,
Região,Nordeste,dados_ausentes,misto,0,0.0,0,
Região,Nordeste,dados_ausentes,dados_ausentes,0,0.0,0,
Região,Nordeste,dados_ausentes,codigo_invalido,0,0.0,0,
Região,Nordeste,codigo_invalido,presente,0,0.0,0,
Região,Nordeste,codigo_invalido,ausente,0,0.0,0,
Região,Nordeste,codigo_invalido,eliminado,0,0.0,0,
Região,Nordeste,codigo_invalido,misto,0,0.0,0,
Região,Nordeste,codigo_invalido,dados_ausentes,0,0.0,0,
Região,Nordeste,codigo_invalido,codigo_invalido,0,0.0,0,
Região,Norte,presente,presente,349208,62.25718116210742,377494,92.5069007719328
Região,Norte,presente,ausente,28048,5.000427874604216,377494,7.430051868374067
Região,Norte,presente,eliminado,238,0.042430898251419116,377494,0.0630473596931342
Região,Norte,presente,misto,0,0.0,377494,0.0
Região,Norte,presente,dados_ausentes,0,0.0,377494,0.0
Região,Norte,presente,codigo_invalido,0,0.0,377494,0.0
Região,Norte,ausente,presente,2185,0.3895441709216419,182740,1.1956878625369378
Região,Norte,ausente,ausente,180550,32.188649912998834,182740,98.80157600963118
Região,Norte,ausente,eliminado,5,0.0008914054254499814,182740,0.002736127831892306
Região,Norte,ausente,misto,0,0.0,182740,0.0
Região,Norte,ausente,dados_ausentes,0,0.0,182740,0.0
Região,Norte,ausente,codigo_invalido,0,0.0,182740,0.0
Região,Norte,eliminado,presente,72,0.012836238126479733,678,10.619469026548673
Região,Norte,eliminado,ausente,605,0.10786005647944776,678,89.2330383480826
Região,Norte,eliminado,eliminado,1,0.0001782810850899963,678,0.14749262536873156
Região,Norte,eliminado,misto,0,0.0,678,0.0
Região,Norte,eliminado,dados_ausentes,0,0.0,678,0.0
Região,Norte,eliminado,codigo_invalido,0,0.0,678,0.0
Região,Norte,misto,presente,0,0.0,0,
Região,Norte,misto,ausente,0,0.0,0,
Região,Norte,misto,eliminado,0,0.0,0,
Região,Norte,misto,misto,0,0.0,0,
Região,Norte,misto,dados_ausentes,0,0.0,0,
Região,Norte,misto,codigo_invalido,0,0.0,0,
Região,Norte,dados_ausentes,presente,0,0.0,0,
Região,Norte,dados_ausentes,ausente,0,0.0,0,
Região,Norte,dados_ausentes,eliminado,0,0.0,0,
Região,Norte,dados_ausentes,misto,0,0.0,0,
Região,Norte,dados_ausentes,dados_ausentes,0,0.0,0,
Região,Norte,dados_ausentes,codigo_invalido,0,0.0,0,
Região,Norte,codigo_invalido,presente,0,0.0,0,
Região,Norte,codigo_invalido,ausente,0,0.0,0,
Região,Norte,codigo_invalido,eliminado,0,0.0,0,
Região,Norte,codigo_invalido,misto,0,0.0,0,
Região,Norte,codigo_invalido,dados_ausentes,0,0.0,0,
Região,Norte,codigo_invalido,codigo_invalido,0,0.0,0,
Região,Sudeste,presente,presente,1097279,67.25987831325449,1168120,93.93546895866864
Região,Sudeste,presente,ausente,70240,4.305499196396719,1168120,6.013080847858097
Região,Sudeste,presente,eliminado,601,0.03683947917190245,1168120,0.051450193473273294
Região,Sudeste,presente,misto,0,0.0,1168120,0.0
Região,Sudeste,presente,dados_ausentes,0,0.0,1168120,0.0
Região,Sudeste,presente,codigo_invalido,0,0.0,1168120,0.0
Região,Sudeste,ausente,presente,5008,0.3069752274424084,461670,1.0847575107760954
Região,Sudeste,ausente,ausente,456653,27.991445394819916,461670,98.91329304481556
Região,Sudeste,ausente,eliminado,9,0.0005516727330234976,461670,0.001949444408343622
Região,Sudeste,ausente,misto,0,0.0,461670,0.0
Região,Sudeste,ausente,dados_ausentes,0,0.0,461670,0.0
Região,Sudeste,ausente,codigo_invalido,0,0.0,461670,0.0
Região,Sudeste,eliminado,presente,294,0.018021309278767588,1612,18.23821339950372
Região,Sudeste,eliminado,ausente,1315,0.08060551599176659,1612,81.57568238213399
Região,Sudeste,eliminado,eliminado,3,0.00018389091100783252,1612,0.18610421836228289
Região,Sudeste,eliminado,misto,0,0.0,1612,0.0
Região,Sudeste,eliminado,dados_ausentes,0,0.0,1612,0.0
Região,Sudeste,eliminado,codigo_invalido,0,0.0,1612,0.0
Região,Sudeste,misto,presente,0,0.0,0,
Região,Sudeste,misto,ausente,0,0.0,0,
Região,Sudeste,misto,eliminado,0,0.0,0,
Região,Sudeste,misto,misto,0,0.0,0,
Região,Sudeste,misto,dados_ausentes,0,0.0,0,
Região,Sudeste,misto,codigo_invalido,0,0.0,0,
Região,Sudeste,dados_ausentes,presente,0,0.0,0,
Região,Sudeste,dados_ausentes,ausente,0,0.0,0,
Região,Sudeste,dados_ausentes,eliminado,0,0.0,0,
Região,Sudeste,dados_ausentes,misto,0,0.0,0,
Região,Sudeste,dados_ausentes,dados_ausentes,0,0.0,0,
Região,Sudeste,dados_ausentes,codigo_invalido,0,0.0,0,
Região,Sudeste,codigo_invalido,presente,0,0.0,0,
Região,Sudeste,codigo_invalido,ausente,0,0.0,0,
Região,Sudeste,codigo_invalido,eliminado,0,0.0,0,
Região,Sudeste,codigo_invalido,misto,0,0.0,0,
Região,Sudeste,codigo_invalido,dados_ausentes,0,0.0,0,
Região,Sudeste,codigo_invalido,codigo_invalido,0,0.0,0,
Região,Sul,presente,presente,326365,66.22693273917508,354680,92.01674749069583
Região,Sul,presente,ausente,28122,5.706597835218487,354680,7.928837261757077
Região,Sul,presente,eliminado,193,0.03916411998425318,354680,0.0544152475470847
Região,Sul,presente,misto,0,0.0,354680,0.0
Região,Sul,presente,dados_ausentes,0,0.0,354680,0.0
Região,Sul,presente,codigo_invalido,0,0.0,354680,0.0
Região,Sul,ausente,presente,1218,0.24716009399388797,137548,0.8855090586558874
Região,Sul,ausente,ausente,136328,27.664073311985845,137548,99.11303690348096
Região,Sul,ausente,eliminado,2,0.0004058458029456288,137548,0.0014540378631459562
Região,Sul,ausente,misto,0,0.0,137548,0.0
Região,Sul,ausente,dados_ausentes,0,0.0,137548,0.0
Região,Sul,ausente,codigo_invalido,0,0.0,137548,0.0
Região,Sul,eliminado,presente,86,0.01745136952666204,570,15.087719298245615
Região,Sul,eliminado,ausente,484,0.09821468431284218,570,84.91228070175438
Região,Sul,eliminado,eliminado,0,0.0,570,0.0
Região,Sul,eliminado,misto,0,0.0,570,0.0
Região,Sul,eliminado,dados_ausentes,0,0.0,570,0.0
Região,Sul,eliminado,codigo_invalido,0,0.0,570,0.0
Região,Sul,misto,presente,0,0.0,0,
Região,Sul,misto,ausente,0,0.0,0,
Região,Sul,misto,eliminado,0,0.0,0,
Região,Sul,misto,misto,0,0.0,0,
Região,Sul,misto,dados_ausentes,0,0.0,0,
Região,Sul,misto,codigo_invalido,0,0.0,0,
Região,Sul,dados_ausentes,presente,0,0.0,0,
Região,Sul,dados_ausentes,ausente,0,0.0,0,
Região,Sul,dados_ausentes,eliminado,0,0.0,0,
Região,Sul,dados_ausentes,misto,0,0.0,0,
Região,Sul,dados_ausentes,dados_ausentes,0,0.0,0,
Região,Sul,dados_ausentes,codigo_invalido,0,0.0,0,
Região,Sul,codigo_invalido,presente,0,0.0,0,
Região,Sul,codigo_invalido,ausente,0,0.0,0,
Região,Sul,codigo_invalido,eliminado,0,0.0,0,
Região,Sul,codigo_invalido,misto,0,0.0,0,
Região,Sul,codigo_invalido,dados_ausentes,0,0.0,0,
Região,Sul,codigo_invalido,codigo_invalido,0,0.0,0,
UF,AC,presente,presente,17615,60.831577856822186,18991,92.75446264019799
UF,AC,presente,ausente,1368,4.724246296232344,18991,7.20341214259386
UF,AC,presente,eliminado,8,0.027627171322996167,18991,0.04212521720815123
UF,AC,presente,misto,0,0.0,18991,0.0
UF,AC,presente,dados_ausentes,0,0.0,18991,0.0
UF,AC,presente,codigo_invalido,0,0.0,18991,0.0
UF,AC,ausente,presente,83,0.2866319024760852,9936,0.8353462157809984
UF,AC,ausente,ausente,9853,34.026314880685156,9936,99.164653784219
UF,AC,ausente,eliminado,0,0.0,9936,0.0
UF,AC,ausente,misto,0,0.0,9936,0.0
UF,AC,ausente,dados_ausentes,0,0.0,9936,0.0
UF,AC,ausente,codigo_invalido,0,0.0,9936,0.0
UF,AC,eliminado,presente,1,0.003453396415374521,30,3.3333333333333335
UF,AC,eliminado,ausente,29,0.10014849604586111,30,96.66666666666667
UF,AC,eliminado,eliminado,0,0.0,30,0.0
UF,AC,eliminado,misto,0,0.0,30,0.0
UF,AC,eliminado,dados_ausentes,0,0.0,30,0.0
UF,AC,eliminado,codigo_invalido,0,0.0,30,0.0
UF,AC,misto,presente,0,0.0,0,
UF,AC,misto,ausente,0,0.0,0,
UF,AC,misto,eliminado,0,0.0,0,
UF,AC,misto,misto,0,0.0,0,
UF,AC,misto,dados_ausentes,0,0.0,0,
UF,AC,misto,codigo_invalido,0,0.0,0,
UF,AC,dados_ausentes,presente,0,0.0,0,
UF,AC,dados_ausentes,ausente,0,0.0,0,
UF,AC,dados_ausentes,eliminado,0,0.0,0,
UF,AC,dados_ausentes,misto,0,0.0,0,
UF,AC,dados_ausentes,dados_ausentes,0,0.0,0,
UF,AC,dados_ausentes,codigo_invalido,0,0.0,0,
UF,AC,codigo_invalido,presente,0,0.0,0,
UF,AC,codigo_invalido,ausente,0,0.0,0,
UF,AC,codigo_invalido,eliminado,0,0.0,0,
UF,AC,codigo_invalido,misto,0,0.0,0,
UF,AC,codigo_invalido,dados_ausentes,0,0.0,0,
UF,AC,codigo_invalido,codigo_invalido,0,0.0,0,
UF,AL,presente,presente,67057,69.50352404643449,70880,94.6063769751693
UF,AL,presente,ausente,3791,3.929311774461028,70880,5.348476297968397
UF,AL,presente,eliminado,32,0.03316749585406302,70880,0.045146726862302484
UF,AL,presente,misto,0,0.0,70880,0.0
UF,AL,presente,dados_ausentes,0,0.0,70880,0.0
UF,AL,presente,codigo_invalido,0,0.0,70880,0.0
UF,AL,ausente,presente,304,0.3150912106135987,25490,1.1926245586504511
UF,AL,ausente,ausente,25184,26.102819237147596,25490,98.7995292271479
UF,AL,ausente,eliminado,2,0.0020729684908789387,25490,0.007846214201647704
UF,AL,ausente,misto,0,0.0,25490,0.0
UF,AL,ausente,dados_ausentes,0,0.0,25490,0.0
UF,AL,ausente,codigo_invalido,0,0.0,25490,0.0
UF,AL,eliminado,presente,23,0.023839137645107793,110,20.90909090909091
UF,AL,eliminado,ausente,87,0.09017412935323384,110,79.0909090909091
UF,AL,eliminado,eliminado,0,0.0,110,0.0
UF,AL,eliminado,misto,0,0.0,110,0.0
UF,AL,eliminado,dados_ausentes,0,0.0,110,0.0
UF,AL,eliminado,codigo_invalido,0,0.0,110,0.0
UF,AL,misto,presente,0,0.0,0,
UF,AL,misto,ausente,0,0.0,0,
UF,AL,misto,eliminado,0,0.0,0,
UF,AL,misto,misto,0,0.0,0,
UF,AL,misto,dados_ausentes,0,0.0,0,
UF,AL,misto,codigo_invalido,0,0.0,0,
UF,AL,dados_ausentes,presente,0,0.0,0,
UF,AL,dados_ausentes,ausente,0,0.0,0,
UF,AL,dados_ausentes,eliminado,0,0.0,0,
UF,AL,dados_ausentes,misto,0,0.0,0,
UF,AL,dados_ausentes,dados_ausentes,0,0.0,0,
UF,AL,dados_ausentes,codigo_invalido,0,0.0,0,
UF,AL,codigo_invalido,presente,0,0.0,0,
UF,AL,codigo_invalido,ausente,0,0.0,0,
UF,AL,codigo_invalido,eliminado,0,0.0,0,
UF,AL,codigo_invalido,misto,0,0.0,0,
UF,AL,codigo_invalido,dados_ausentes,0,0.0,0,
UF,AL,codigo_invalido,codigo_invalido,0,0.0,0,
UF,AM,presente,presente,59264,53.47240393030831,65626,90.30567153262426
UF,AM,presente,ausente,6334,5.715007533993197,65626,9.651662450857891
UF,AM,presente,eliminado,28,0.025263689761889724,65626,0.04266601651784354
UF,AM,presente,misto,0,0.0,65626,0.0
UF,AM,presente,dados_ausentes,0,0.0,65626,0.0
UF,AM,presente,codigo_invalido,0,0.0,65626,0.0
UF,AM,ausente,presente,782,0.7055787640642058,45116,1.7333096905754055
UF,AM,ausente,ausente,44332,39.99963909014626,45116,98.26225729231315
UF,AM,ausente,eliminado,2,0.0018045492687064088,45116,0.00443301711144605
UF,AM,ausente,misto,0,0.0,45116,0.0
UF,AM,ausente,dados_ausentes,0,0.0,45116,0.0
UF,AM,ausente,codigo_invalido,0,0.0,45116,0.0
UF,AM,eliminado,presente,6,0.005413647806119227,89,6.741573033707865
UF,AM,eliminado,ausente,83,0.07488879465131597,89,93.25842696629213
UF,AM,eliminado,eliminado,0,0.0,89,0.0
UF,AM,eliminado,misto,0,0.0,89,0.0
UF,AM,eliminado,dados_ausentes,0,0.0,89,0.0
UF,AM,eliminado,codigo_invalido,0,0.0,89,0.0
UF,AM,misto,presente,0,0.0,0,
UF,AM,misto,ausente,0,0.0,0,
UF,AM,misto,eliminado,0,0.0,0,
UF,AM,misto,misto,0,0.0,0,
UF,AM,misto,dados_ausentes,0,0.0,0,
UF,AM,misto,codigo_invalido,0,0.0,0,
UF,AM,dados_ausentes,presente,0,0.0,0,
UF,AM,dados_ausentes,ausente,0,0.0,0,
UF,AM,dados_ausentes,eliminado,0,0.0,0,
UF,AM,dados_ausentes,misto,0,0.0,0,
UF,AM,dados_ausentes,dados_ausentes,0,0.0,0,
UF,AM,dados_ausentes,codigo_invalido,0,0.0,0,
UF,AM,codigo_invalido,presente,0,0.0,0,
UF,AM,codigo_invalido,ausente,0,0.0,0,
UF,AM,codigo_invalido,eliminado,0,0.0,0,
UF,AM,codigo_invalido,misto,0,0.0,0,
UF,AM,codigo_invalido,dados_ausentes,0,0.0,0,
UF,AM,codigo_invalido,codigo_invalido,0,0.0,0,
UF,AP,presente,presente,21294,64.15787887918047,22944,92.80857740585775
UF,AP,presente,ausente,1633,4.920156673696897,22944,7.117329149232915
UF,AP,presente,eliminado,17,0.051220247062368184,22944,0.0740934449093445
UF,AP,presente,misto,0,0.0,22944,0.0
UF,AP,presente,dados_ausentes,0,0.0,22944,0.0
UF,AP,presente,codigo_invalido,0,0.0,22944,0.0
UF,AP,ausente,presente,92,0.2771919252786984,10201,0.9018723654543672
UF,AP,ausente,ausente,10108,30.45495631214221,10201,99.08832467405156
UF,AP,ausente,eliminado,1,0.0030129557095510697,10201,0.009802960494069209
UF,AP,ausente,misto,0,0.0,10201,0.0
UF,AP,ausente,dados_ausentes,0,0.0,10201,0.0
UF,AP,ausente,codigo_invalido,0,0.0,10201,0.0
UF,AP,eliminado,presente,6,0.018077734257306417,45,13.333333333333334
UF,AP,eliminado,ausente,39,0.11750527267249171,45,86.66666666666667
UF,AP,eliminado,eliminado,0,0.0,45,0.0
UF,AP,eliminado,misto,0,0.0,45,0.0
UF,AP,eliminado,dados_ausentes,0,0.0,45,0.0
UF,AP,eliminado,codigo_invalido,0,0.0,45,0.0
UF,AP,misto,presente,0,0.0,0,
UF,AP,misto,ausente,0,0.0,0,
UF,AP,misto,eliminado,0,0.0,0,
UF,AP,misto,misto,0,0.0,0,
UF,AP,misto,dados_ausentes,0,0.0,0,
UF,AP,misto,codigo_invalido,0,0.0,0,
UF,AP,dados_ausentes,presente,0,0.0,0,
UF,AP,dados_ausentes,ausente,0,0.0,0,
UF,AP,dados_ausentes,eliminado,0,0.0,0,
UF,AP,dados_ausentes,misto,0,0.0,0,
UF,AP,dados_ausentes,dados_ausentes,0,0.0,0,
UF,AP,dados_ausentes,codigo_invalido,0,0.0,0,
UF,AP,codigo_invalido,presente,0,0.0,0,
UF,AP,codigo_invalido,ausente,0,0.0,0,
UF,AP,codigo_invalido,eliminado,0,0.0,0,
UF,AP,codigo_invalido,misto,0,0.0,0,
UF,AP,codigo_invalido,dados_ausentes,0,0.0,0,
UF,AP,codigo_invalido,codigo_invalido,0,0.0,0,
UF,BA,presente,presente,284994,66.5900281085931,302415,94.23937304697188
UF,BA,presente,ausente,17237,4.027496419250297,302415,5.69978341021444
UF,BA,presente,eliminado,184,0.042992361846148096,302415,0.060843542813683184
UF,BA,presente,misto,0,0.0,302415,0.0
UF,BA,presente,dados_ausentes,0,0.0,302415,0.0
UF,BA,presente,codigo_invalido,0,0.0,302415,0.0
UF,BA,ausente,presente,1365,0.31893790173908776,125133,1.0908393469348614
UF,BA,ausente,ausente,123767,28.918672003327234,125133,98.90836150336042
UF,BA,ausente,eliminado,1,0.00023365414046819618,125133,0.0007991497047141841
UF,BA,ausente,misto,0,0.0,125133,0.0
UF,BA,ausente,dados_ausentes,0,0.0,125133,0.0
UF,BA,ausente,codigo_invalido,0,0.0,125133,0.0
UF,BA,eliminado,presente,73,0.01705675225417832,435,16.7816091954023
UF,BA,eliminado,ausente,362,0.08458279884948701,435,83.2183908045977
UF,BA,eliminado,eliminado,0,0.0,435,0.0
UF,BA,eliminado,misto,0,0.0,435,0.0
UF,BA,eliminado,dados_ausentes,0,0.0,435,0.0
UF,BA,eliminado,codigo_invalido,0,0.0,435,0.0
UF,BA,misto,presente,0,0.0,0,
UF,BA,misto,ausente,0,0.0,0,
UF,BA,misto,eliminado,0,0.0,0,
UF,BA,misto,misto,0,0.0,0,
UF,BA,misto,dados_ausentes,0,0.0,0,
UF,BA,misto,codigo_invalido,0,0.0,0,
UF,BA,dados_ausentes,presente,0,0.0,0,
UF,BA,dados_ausentes,ausente,0,0.0,0,
UF,BA,dados_ausentes,eliminado,0,0.0,0,
UF,BA,dados_ausentes,misto,0,0.0,0,
UF,BA,dados_ausentes,dados_ausentes,0,0.0,0,
UF,BA,dados_ausentes,codigo_invalido,0,0.0,0,
UF,BA,codigo_invalido,presente,0,0.0,0,
UF,BA,codigo_invalido,ausente,0,0.0,0,
UF,BA,codigo_invalido,eliminado,0,0.0,0,
UF,BA,codigo_invalido,misto,0,0.0,0,
UF,BA,codigo_invalido,dados_ausentes,0,0.0,0,
UF,BA,codigo_invalido,codigo_invalido,0,0.0,0,
UF,CE,presente,presente,206949,75.00815506955368,216181,95.72950444303616
UF,CE,presente,ausente,9109,3.301534602866235,216181,4.213598789902905
UF,CE,presente,eliminado,123,0.04458104689346217,216181,0.05689676706093505
UF,CE,presente,misto,0,0.0,216181,0.0
UF,CE,presente,dados_ausentes,0,0.0,216181,0.0
UF,CE,presente,codigo_invalido,0,0.0,216181,0.0
UF,CE,ausente,presente,924,0.33490152300454507,59421,1.555005806028172
UF,CE,ausente,ausente,58497,21.202093496966313,59421,98.44499419397182
UF,CE,ausente,eliminado,0,0.0,59421,0.0
UF,CE,ausente,misto,0,0.0,59421,0.0
UF,CE,ausente,dados_ausentes,0,0.0,59421,0.0
UF,CE,ausente,codigo_invalido,0,0.0,59421,0.0
UF,CE,eliminado,presente,76,0.027546012714659552,300,25.333333333333332
UF,CE,eliminado,ausente,224,0.08118824800110185,300,74.66666666666667
UF,CE,eliminado,eliminado,0,0.0,300,0.0
UF,CE,eliminado,misto,0,0.0,300,0.0
UF,CE,eliminado,dados_ausentes,0,0.0,300,0.0
UF,CE,eliminado,codigo_invalido,0,0.0,300,0.0
UF,CE,misto,presente,0,0.0,0,
UF,CE,misto,ausente,0,0.0,0,
UF,CE,misto,eliminado,0,0.0,0,
UF,CE,misto,misto,0,0.0,0,
UF,CE,misto,dados_ausentes,0,0.0,0,
UF,CE,misto,codigo_invalido,0,0.0,0,
UF,CE,dados_ausentes,presente,0,0.0,0,
UF,CE,dados_ausentes,ausente,0,0.0,0,
UF,CE,dados_ausentes,eliminado,0,0.0,0,
UF,CE,dados_ausentes,misto,0,0.0,0,
UF,CE,dados_ausentes,dados_ausentes,0,0.0,0,
UF,CE,dados_ausentes,codigo_invalido,0,0.0,0,
UF,CE,codigo_invalido,presente,0,0.0,0,
UF,CE,codigo_invalido,ausente,0,0.0,0,
UF,CE,codigo_invalido,eliminado,0,0.0,0,
UF,CE,codigo_invalido,misto,0,0.0,0,
UF,CE,codigo_invalido,dados_ausentes,0,0.0,0,
UF,CE,codigo_invalido,codigo_invalido,0,0.0,0,
UF,DF,presente,presente,56633,68.26954372852751,60673,93.34135447398349
UF,DF,presente,ausente,3998,4.819480441203062,60673,6.589421983419314
UF,DF,presente,eliminado,42,0.05062985956241336,60673,0.06922354259720138
UF,DF,presente,misto,0,0.0,60673,0.0
UF,DF,presente,dados_ausentes,0,0.0,60673,0.0
UF,DF,presente,codigo_invalido,0,0.0,60673,0.0
UF,DF,ausente,presente,312,0.3761075281779278,22198,1.4055320299126048
UF,DF,ausente,ausente,21886,26.382978723404257,22198,98.5944679700874
UF,DF,ausente,eliminado,0,0.0,22198,0.0
UF,DF,ausente,misto,0,0.0,22198,0.0
UF,DF,ausente,dados_ausentes,0,0.0,22198,0.0
UF,DF,ausente,codigo_invalido,0,0.0,22198,0.0
UF,DF,eliminado,presente,13,0.015671147007413656,84,15.476190476190476
UF,DF,eliminado,ausente,71,0.08558857211741305,84,84.52380952380952
UF,DF,eliminado,eliminado,0,0.0,84,0.0
UF,DF,eliminado,misto,0,0.0,84,0.0
UF,DF,eliminado,dados_ausentes,0,0.0,84,0.0
UF,DF,eliminado,codigo_invalido,0,0.0,84,0.0
UF,DF,misto,presente,0,0.0,0,
UF,DF,misto,ausente,0,0.0,0,
UF,DF,misto,eliminado,0,0.0,0,
UF,DF,misto,misto,0,0.0,0,
UF,DF,misto,dados_ausentes,0,0.0,0,
UF,DF,misto,codigo_invalido,0,0.0,0,
UF,DF,dados_ausentes,presente,0,0.0,0,
UF,DF,dados_ausentes,ausente,0,0.0,0,
UF,DF,dados_ausentes,eliminado,0,0.0,0,
UF,DF,dados_ausentes,misto,0,0.0,0,
UF,DF,dados_ausentes,dados_ausentes,0,0.0,0,
UF,DF,dados_ausentes,codigo_invalido,0,0.0,0,
UF,DF,codigo_invalido,presente,0,0.0,0,
UF,DF,codigo_invalido,ausente,0,0.0,0,
UF,DF,codigo_invalido,eliminado,0,0.0,0,
UF,DF,codigo_invalido,misto,0,0.0,0,
UF,DF,codigo_invalido,dados_ausentes,0,0.0,0,
UF,DF,codigo_invalido,codigo_invalido,0,0.0,0,
UF,ES,presente,presente,56380,65.6268187638226,60911,92.56127793009473
UF,ES,presente,ausente,4490,5.226399720637877,60911,7.371410746827339
UF,ES,presente,eliminado,41,0.04772436270515656,60911,0.06731132307793337
UF,ES,presente,misto,0,0.0,60911,0.0
UF,ES,presente,dados_ausentes,0,0.0,60911,0.0
UF,ES,presente,codigo_invalido,0,0.0,60911,0.0
UF,ES,ausente,presente,257,0.2991502735420789,24883,1.0328336615359883
UF,ES,ausente,ausente,24625,28.663717844255615,24883,98.96314753044247
UF,ES,ausente,eliminado,1,0.0011640088464672331,24883,0.004018808021540811
UF,ES,ausente,misto,0,0.0,24883,0.0
UF,ES,ausente,dados_ausentes,0,0.0,24883,0.0
UF,ES,ausente,codigo_invalido,0,0.0,24883,0.0
UF,ES,eliminado,presente,18,0.0209521592364102,116,15.517241379310345
UF,ES,eliminado,ausente,98,0.11407286695378885,116,84.48275862068965
UF,ES,eliminado,eliminado,0,0.0,116,0.0
UF,ES,eliminado,misto,0,0.0,116,0.0
UF,ES,eliminado,dados_ausentes,0,0.0,116,0.0
UF,ES,eliminado,codigo_invalido,0,0.0,116,0.0
UF,ES,misto,presente,0,0.0,0,
UF,ES,misto,ausente,0,0.0,0,
UF,ES,misto,eliminado,0,0.0,0,
UF,ES,misto,misto,0,0.0,0,
UF,ES,misto,dados_ausentes,0,0.0,0,
UF,ES,misto,codigo_invalido,0,0.0,0,
UF,ES,dados_ausentes,presente,0,0.0,0,
UF,ES,dados_ausentes,ausente,0,0.0,0,
UF,ES,dados_ausentes,eliminado,0,0.0,0,
UF,ES,dados_ausentes,misto,0,0.0,0,
UF,ES,dados_ausentes,dados_ausentes,0,0.0,0,
UF,ES,dados_ausentes,codigo_invalido,0,0.0,0,
UF,ES,codigo_invalido,presente,0,0.0,0,
UF,ES,codigo_invalido,ausente,0,0.0,0,
UF,ES,codigo_invalido,eliminado,0,0.0,0,
UF,ES,codigo_invalido,misto,0,0.0,0,
UF,ES,codigo_invalido,dados_ausentes,0,0.0,0,
UF,ES,codigo_invalido,codigo_invalido,0,0.0,0,
UF,GO,presente,presente,109987,65.96040708378561,118643,92.70416290889474
UF,GO,presente,ausente,8577,5.143720726609774,118643,7.229250777542712
UF,GO,presente,eliminado,79,0.0473771642068523,118643,0.06658631356253635
UF,GO,presente,misto,0,0.0,118643,0.0
UF,GO,presente,dados_ausentes,0,0.0,118643,0.0
UF,GO,presente,codigo_invalido,0,0.0,118643,0.0
UF,GO,ausente,presente,471,0.28246385242313204,47921,0.9828676363181069
UF,GO,ausente,ausente,47450,28.45628407107774,47921,99.0171323636819
UF,GO,ausente,eliminado,0,0.0,47921,0.0
UF,GO,ausente,misto,0,0.0,47921,0.0
UF,GO,ausente,dados_ausentes,0,0.0,47921,0.0
UF,GO,ausente,codigo_invalido,0,0.0,47921,0.0
UF,GO,eliminado,presente,30,0.01799132817981733,183,16.39344262295082
UF,GO,eliminado,ausente,153,0.09175577371706838,183,83.60655737704919
UF,GO,eliminado,eliminado,0,0.0,183,0.0
UF,GO,eliminado,misto,0,0.0,183,0.0
UF,GO,eliminado,dados_ausentes,0,0.0,183,0.0
UF,GO,eliminado,codigo_invalido,0,0.0,183,0.0
UF,GO,misto,presente,0,0.0,0,
UF,GO,misto,ausente,0,0.0,0,
UF,GO,misto,eliminado,0,0.0,0,
UF,GO,misto,misto,0,0.0,0,
UF,GO,misto,dados_ausentes,0,0.0,0,
UF,GO,misto,codigo_invalido,0,0.0,0,
UF,GO,dados_ausentes,presente,0,0.0,0,
UF,GO,dados_ausentes,ausente,0,0.0,0,
UF,GO,dados_ausentes,eliminado,0,0.0,0,
UF,GO,dados_ausentes,misto,0,0.0,0,
UF,GO,dados_ausentes,dados_ausentes,0,0.0,0,
UF,GO,dados_ausentes,codigo_invalido,0,0.0,0,
UF,GO,codigo_invalido,presente,0,0.0,0,
UF,GO,codigo_invalido,ausente,0,0.0,0,
UF,GO,codigo_invalido,eliminado,0,0.0,0,
UF,GO,codigo_invalido,misto,0,0.0,0,
UF,GO,codigo_invalido,dados_ausentes,0,0.0,0,
UF,GO,codigo_invalido,codigo_invalido,0,0.0,0,
UF,MA,presente,presente,143652,67.96234091876804,152518,94.18691564274381
UF,MA,presente,ausente,8799,4.162842409045749,152518,5.7691551161174415
UF,MA,presente,eliminado,67,0.03169797038368737,152518,0.04392924113875084
UF,MA,presente,misto,0,0.0,152518,0.0
UF,MA,presente,dados_ausentes,0,0.0,152518,0.0
UF,MA,presente,codigo_invalido,0,0.0,152518,0.0
UF,MA,ausente,presente,657,0.31082935137436724,58613,1.1209117431286575
UF,MA,ausente,ausente,57956,27.419217485925156,58613,98.87908825687134
UF,MA,ausente,eliminado,0,0.0,58613,0.0
UF,MA,ausente,misto,0,0.0,58613,0.0
UF,MA,ausente,dados_ausentes,0,0.0,58613,0.0
UF,MA,ausente,codigo_invalido,0,0.0,58613,0.0
UF,MA,eliminado,presente,29,0.013720017031745281,239,12.133891213389122
UF,MA,eliminado,ausente,210,0.09935184747125893,239,87.86610878661088
UF,MA,eliminado,eliminado,0,0.0,239,0.0
UF,MA,eliminado,misto,0,0.0,239,0.0
UF,MA,eliminado,dados_ausentes,0,0.0,239,0.0
UF,MA,eliminado,codigo_invalido,0,0.0,239,0.0
UF,MA,misto,presente,0,0.0,0,
UF,MA,misto,ausente,0,0.0,0,
UF,MA,misto,eliminado,0,0.0,0,
UF,MA,misto,misto,0,0.0,0,
UF,MA,misto,dados_ausentes,0,0.0,0,
UF,MA,misto,codigo_invalido,0,0.0,0,
UF,MA,dados_ausentes,presente,0,0.0,0,
UF,MA,dados_ausentes,ausente,0,0.0,0,
UF,MA,dados_ausentes,eliminado,0,0.0,0,
UF,MA,dados_ausentes,misto,0,0.0,0,
UF,MA,dados_ausentes,dados_ausentes,0,0.0,0,
UF,MA,dados_ausentes,codigo_invalido,0,0.0,0,
UF,MA,codigo_invalido,presente,0,0.0,0,
UF,MA,codigo_invalido,ausente,0,0.0,0,
UF,MA,codigo_invalido,eliminado,0,0.0,0,
UF,MA,codigo_invalido,misto,0,0.0,0,
UF,MA,codigo_invalido,dados_ausentes,0,0.0,0,
UF,MA,codigo_invalido,codigo_invalido,0,0.0,0,
UF,MG,presente,presente,307991,66.24359859507847,326835,94.23439962060367
UF,MG,presente,ausente,18663,4.014092231850767,326835,5.710220753591262
UF,MG,presente,eliminado,181,0.03893000557064721,326835,0.05537962580506984
UF,MG,presente,misto,0,0.0,326835,0.0
UF,MG,presente,dados_ausentes,0,0.0,326835,0.0
UF,MG,presente,codigo_invalido,0,0.0,326835,0.0
UF,MG,ausente,presente,1227,0.2639067228463211,137671,0.8912552389392101
UF,MG,ausente,ausente,136440,29.345911381542017,137671,99.10583928350924
UF,MG,ausente,eliminado,4,0.0008603316148209328,137671,0.0029054775515540672
UF,MG,ausente,misto,0,0.0,137671,0.0
UF,MG,ausente,dados_ausentes,0,0.0,137671,0.0
UF,MG,ausente,codigo_invalido,0,0.0,137671,0.0
UF,MG,eliminado,presente,54,0.011614476800082593,431,12.529002320185615
UF,MG,eliminado,ausente,377,0.0810862546968729,431,87.47099767981439
UF,MG,eliminado,eliminado,0,0.0,431,0.0
UF,MG,eliminado,misto,0,0.0,431,0.0
UF,MG,eliminado,dados_ausentes,0,0.0,431,0.0
UF,MG,eliminado,codigo_invalido,0,0.0,431,0.0
UF,MG,misto,presente,0,0.0,0,
UF,MG,misto,ausente,0,0.0,0,
UF,MG,misto,eliminado,0,0.0,0,
UF,MG,misto,misto,0,0.0,0,
UF,MG,misto,dados_ausentes,0,0.0,0,
UF,MG,misto,codigo_invalido,0,0.0,0,
UF,MG,dados_ausentes,presente,0,0.0,0,
UF,MG,dados_ausentes,ausente,0,0.0,0,
UF,MG,dados_ausentes,eliminado,0,0.0,0,
UF,MG,dados_ausentes,misto,0,0.0,0,
UF,MG,dados_ausentes,dados_ausentes,0,0.0,0,
UF,MG,dados_ausentes,codigo_invalido,0,0.0,0,
UF,MG,codigo_invalido,presente,0,0.0,0,
UF,MG,codigo_invalido,ausente,0,0.0,0,
UF,MG,codigo_invalido,eliminado,0,0.0,0,
UF,MG,codigo_invalido,misto,0,0.0,0,
UF,MG,codigo_invalido,dados_ausentes,0,0.0,0,
UF,MG,codigo_invalido,codigo_invalido,0,0.0,0,
UF,MS,presente,presente,37847,65.33004211834565,40989,92.33452877601307
UF,MS,presente,ausente,3104,5.358005937996271,40989,7.572763424333358
UF,MS,presente,eliminado,38,0.06559414485949043,40989,0.09270779965356558
UF,MS,presente,misto,0,0.0,40989,0.0
UF,MS,presente,dados_ausentes,0,0.0,40989,0.0
UF,MS,presente,codigo_invalido,0,0.0,40989,0.0
UF,MS,ausente,presente,277,0.4781467927915487,16876,1.641384214268784
UF,MS,ausente,ausente,16599,28.65255817164952,16876,98.35861578573122
UF,MS,ausente,eliminado,0,0.0,16876,0.0
UF,MS,ausente,misto,0,0.0,16876,0.0
UF,MS,ausente,dados_ausentes,0,0.0,16876,0.0
UF,MS,ausente,codigo_invalido,0,0.0,16876,0.0
UF,MS,eliminado,presente,5,0.008630808534143478,67,7.462686567164179
UF,MS,eliminado,ausente,62,0.10702202582337914,67,92.53731343283582
UF,MS,eliminado,eliminado,0,0.0,67,0.0
UF,MS,eliminado,misto,0,0.0,67,0.0
UF,MS,eliminado,dados_ausentes,0,0.0,67,0.0
UF,MS,eliminado,codigo_invalido,0,0.0,67,0.0
UF,MS,misto,presente,0,0.0,0,
UF,MS,misto,ausente,0,0.0,0,
UF,MS,misto,eliminado,0,0.0,0,
UF,MS,misto,misto,0,0.0,0,
UF,MS,misto,dados_ausentes,0,0.0,0,
UF,MS,misto,codigo_invalido,0,0.0,0,
UF,MS,dados_ausentes,presente,0,0.0,0,
UF,MS,dados_ausentes,ausente,0,0.0,0,
UF,MS,dados_ausentes,eliminado,0,0.0,0,
UF,MS,dados_ausentes,misto,0,0.0,0,
UF,MS,dados_ausentes,dados_ausentes,0,0.0,0,
UF,MS,dados_ausentes,codigo_invalido,0,0.0,0,
UF,MS,codigo_invalido,presente,0,0.0,0,
UF,MS,codigo_invalido,ausente,0,0.0,0,
UF,MS,codigo_invalido,eliminado,0,0.0,0,
UF,MS,codigo_invalido,misto,0,0.0,0,
UF,MS,codigo_invalido,dados_ausentes,0,0.0,0,
UF,MS,codigo_invalido,codigo_invalido,0,0.0,0,
UF,MT,presente,presente,47237,58.75541071695109,51597,91.54989631180108
UF,MT,presente,ausente,4325,5.37962087666053,51597,8.382270287032192
UF,MT,presente,eliminado,35,0.043534504204189264,51597,0.0678334011667345
UF,MT,presente,misto,0,0.0,51597,0.0
UF,MT,presente,dados_ausentes,0,0.0,51597,0.0
UF,MT,presente,codigo_invalido,0,0.0,51597,0.0
UF,MT,ausente,presente,334,0.4154435544056918,28708,1.163438762714226
UF,MT,ausente,ausente,28373,35.29155679387034,28708,98.8330778876968
UF,MT,ausente,eliminado,1,0.0012438429772625504,28708,0.0034833495889647487
UF,MT,ausente,misto,0,0.0,28708,0.0
UF,MT,ausente,dados_ausentes,0,0.0,28708,0.0
UF,MT,ausente,codigo_invalido,0,0.0,28708,0.0
UF,MT,eliminado,presente,13,0.016169958704413154,91,14.285714285714286
UF,MT,eliminado,ausente,78,0.09701975222647893,91,85.71428571428571
UF,MT,eliminado,eliminado,0,0.0,91,0.0
UF,MT,eliminado,misto,0,0.0,91,0.0
UF,MT,eliminado,dados_ausentes,0,0.0,91,0.0
UF,MT,eliminado,codigo_invalido,0,0.0,91,0.0
UF,MT,misto,presente,0,0.0,0,
UF,MT,misto,ausente,0,0.0,0,
UF,MT,misto,eliminado,0,0.0,0,
UF,MT,misto,misto,0,0.0,0,
UF,MT,misto,dados_ausentes,0,0.0,0,
UF,MT,misto,codigo_invalido,0,0.0,0,
UF,MT,dados_ausentes,presente,0,0.0,0,
UF,MT,dados_ausentes,ausente,0,0.0,0,
UF,MT,dados_ausentes,eliminado,0,0.0,0,
UF,MT,dados_ausentes,misto,0,0.0,0,
UF,MT,dados_ausentes,dados_ausentes,0,0.0,0,
UF,MT,dados_ausentes,codigo_invalido,0,0.0,0,
UF,MT,codigo_invalido,presente,0,0.0,0,
UF,MT,codigo_invalido,ausente,0,0.0,0,
UF,MT,codigo_invalido,eliminado,0,0.0,0,
UF,MT,codigo_invalido,misto,0,0.0,0,
UF,MT,codigo_invalido,dados_ausentes,0,0.0,0,
UF,MT,codigo_invalido,codigo_invalido,0,0.0,0,
UF,PA,presente,presente,188886,65.28438312226953,202633,93.21581381117586
UF,PA,presente,ausente,13611,4.704349388928828,202633,6.717069776393776
UF,PA,presente,eliminado,136,0.047005474755295026,202633,0.06711641243035439
UF,PA,presente,misto,0,0.0,202633,0.0
UF,PA,presente,dados_ausentes,0,0.0,202633,0.0
UF,PA,presente,codigo_invalido,0,0.0,202633,0.0
UF,PA,ausente,presente,848,0.2930929602388984,86305,0.9825618446208215
UF,PA,ausente,ausente,85457,29.53637394237682,86305,99.01743815537918
UF,PA,ausente,eliminado,0,0.0,86305,0.0
UF,PA,ausente,misto,0,0.0,86305,0.0
UF,PA,ausente,dados_ausentes,0,0.0,86305,0.0
UF,PA,ausente,codigo_invalido,0,0.0,86305,0.0
UF,PA,eliminado,presente,43,0.014862025106453574,390,11.025641025641026
UF,PA,eliminado,ausente,346,0.11958745783332411,390,88.71794871794872
UF,PA,eliminado,eliminado,1,0.00034562849084775757,390,0.2564102564102564
UF,PA,eliminado,misto,0,0.0,390,0.0
UF,PA,eliminado,dados_ausentes,0,0.0,390,0.0
UF,PA,eliminado,codigo_invalido,0,0.0,390,0.0
UF,PA,misto,presente,0,0.0,0,
UF,PA,misto,ausente,0,0.0,0,
UF,PA,misto,eliminado,0,0.0,0,
UF,PA,misto,misto,0,0.0,0,
UF,PA,misto,dados_ausentes,0,0.0,0,
UF,PA,misto,codigo_invalido,0,0.0,0,
UF,PA,dados_ausentes,presente,0,0.0,0,
UF,PA,dados_ausentes,ausente,0,0.0,0,
UF,PA,dados_ausentes,eliminado,0,0.0,0,
UF,PA,dados_ausentes,misto,0,0.0,0,
UF,PA,dados_ausentes,dados_ausentes,0,0.0,0,
UF,PA,dados_ausentes,codigo_invalido,0,0.0,0,
UF,PA,codigo_invalido,presente,0,0.0,0,
UF,PA,codigo_invalido,ausente,0,0.0,0,
UF,PA,codigo_invalido,eliminado,0,0.0,0,
UF,PA,codigo_invalido,misto,0,0.0,0,
UF,PA,codigo_invalido,dados_ausentes,0,0.0,0,
UF,PA,codigo_invalido,codigo_invalido,0,0.0,0,
UF,PB,presente,presente,100883,71.02685957686485,105666,95.47347301875722
UF,PB,presente,ausente,4726,3.3273488928785158,105666,4.472583423239263
UF,PB,presente,eliminado,57,0.04013095363818777,105666,0.05394355800352053
UF,PB,presente,misto,0,0.0,105666,0.0
UF,PB,presente,dados_ausentes,0,0.0,105666,0.0
UF,PB,presente,codigo_invalido,0,0.0,105666,0.0
UF,PB,ausente,presente,402,0.28302883092195585,36213,1.1100985833816586
UF,PB,ausente,ausente,35809,25.2113915584187,36213,98.88437853809405
UF,PB,ausente,eliminado,2,0.001408103636427641,36213,0.005522878524286858
UF,PB,ausente,misto,0,0.0,36213,0.0
UF,PB,ausente,dados_ausentes,0,0.0,36213,0.0
UF,PB,ausente,codigo_invalido,0,0.0,36213,0.0
UF,PB,eliminado,presente,23,0.016193191818917874,156,14.743589743589743
UF,PB,eliminado,ausente,133,0.09363889182243813,156,85.25641025641026
UF,PB,eliminado,eliminado,0,0.0,156,0.0
UF,PB,eliminado,misto,0,0.0,156,0.0
UF,PB,eliminado,dados_ausentes,0,0.0,156,0.0
UF,PB,eliminado,codigo_invalido,0,0.0,156,0.0
UF,PB,misto,presente,0,0.0,0,
UF,PB,misto,ausente,0,0.0,0,
UF,PB,misto,eliminado,0,0.0,0,
UF,PB,misto,misto,0,0.0,0,
UF,PB,misto,dados_ausentes,0,0.0,0,
UF,PB,misto,codigo_invalido,0,0.0,0,
UF,PB,dados_ausentes,presente,0,0.0,0,
UF,PB,dados_ausentes,ausente,0,0.0,0,
UF,PB,dados_ausentes,eliminado,0,0.0,0,
UF,PB,dados_ausentes,misto,0,0.0,0,
UF,PB,dados_ausentes,dados_ausentes,0,0.0,0,
UF,PB,dados_ausentes,codigo_invalido,0,0.0,0,
UF,PB,codigo_invalido,presente,0,0.0,0,
UF,PB,codigo_invalido,ausente,0,0.0,0,
UF,PB,codigo_invalido,eliminado,0,0.0,0,
UF,PB,codigo_invalido,misto,0,0.0,0,
UF,PB,codigo_invalido,dados_ausentes,0,0.0,0,
UF,PB,codigo_invalido,codigo_invalido,0,0.0,0,
UF,PE,presente,presente,191948,70.4968065844226,202852,94.62465245597775
UF,PE,presente,ausente,10796,3.9650505547618438,202852,5.322106757636109
UF,PE,presente,eliminado,108,0.0396651963610855,202852,0.053240786386133734
UF,PE,presente,misto,0,0.0,202852,0.0
UF,PE,presente,dados_ausentes,0,0.0,202852,0.0
UF,PE,presente,codigo_invalido,0,0.0,202852,0.0
UF,PE,ausente,presente,889,0.326503329305602,69137,1.2858527271938325
UF,PE,ausente,ausente,68244,25.063996856165918,69137,98.70836165873556
UF,PE,ausente,eliminado,4,0.0014690813467068706,69137,0.005785614070613419
UF,PE,ausente,misto,0,0.0,69137,0.0
UF,PE,ausente,dados_ausentes,0,0.0,69137,0.0
UF,PE,ausente,codigo_invalido,0,0.0,69137,0.0
UF,PE,eliminado,presente,60,0.022036220200603057,290,20.689655172413794
UF,PE,eliminado,ausente,229,0.08410490709896834,290,78.96551724137932
UF,PE,eliminado,eliminado,1,0.00036727033667671765,290,0.3448275862068966
UF,PE,eliminado,misto,0,0.0,290,0.0
UF,PE,eliminado,dados_ausentes,0,0.0,290,0.0
UF,PE,eliminado,codigo_invalido,0,0.0,290,0.0
UF,PE,misto,presente,0,0.0,0,
UF,PE,misto,ausente,0,0.0,0,
UF,PE,misto,eliminado,0,0.0,0,
UF,PE,misto,misto,0,0.0,0,
UF,PE,misto,dados_ausentes,0,0.0,0,
UF,PE,misto,codigo_invalido,0,0.0,0,
UF,PE,dados_ausentes,presente,0,0.0,0,
UF,PE,dados_ausentes,ausente,0,0.0,0,
UF,PE,dados_ausentes,eliminado,0,0.0,0,
UF,PE,dados_ausentes,misto,0,0.0,0,
UF,PE,dados_ausentes,dados_ausentes,0,0.0,0,
UF,PE,dados_ausentes,codigo_invalido,0,0.0,0,
UF,PE,codigo_invalido,presente,0,0.0,0,
UF,PE,codigo_invalido,ausente,0,0.0,0,
UF,PE,codigo_invalido,eliminado,0,0.0,0,
UF,PE,codigo_invalido,misto,0,0.0,0,
UF,PE,codigo_invalido,dados_ausentes,0,0.0,0,
UF,PE,codigo_invalido,codigo_invalido,0,0.0,0,
UF,PI,presente,presente,85679,71.38013196480938,89161,96.09470508406142
UF,PI,presente,ausente,3449,2.8734004265529194,89161,3.868283217998901
UF,PI,presente,eliminado,33,0.02749266862170088,89161,0.03701169793968215
UF,PI,presente,misto,0,0.0,89161,0.0
UF,PI,presente,dados_ausentes,0,0.0,89161,0.0
UF,PI,presente,codigo_invalido,0,0.0,89161,0.0
UF,PI,ausente,presente,315,0.2624300186616902,30755,1.0242237034628516
UF,PI,ausente,ausente,30439,25.35907091442282,30755,98.97252479271663
UF,PI,ausente,eliminado,1,0.0008331111703545721,30755,0.003251503820516989
UF,PI,ausente,misto,0,0.0,30755,0.0
UF,PI,ausente,dados_ausentes,0,0.0,30755,0.0
UF,PI,ausente,codigo_invalido,0,0.0,30755,0.0
UF,PI,eliminado,presente,17,0.014162889896027726,116,14.655172413793103
UF,PI,eliminado,ausente,99,0.08247800586510264,116,85.34482758620689
UF,PI,eliminado,eliminado,0,0.0,116,0.0
UF,PI,eliminado,misto,0,0.0,116,0.0
UF,PI,eliminado,dados_ausentes,0,0.0,116,0.0
UF,PI,eliminado,codigo_invalido,0,0.0,116,0.0
UF,PI,misto,presente,0,0.0,0,
UF,PI,misto,ausente,0,0.0,0,
UF,PI,misto,eliminado,0,0.0,0,
UF,PI,misto,misto,0,0.0,0,
UF,PI,misto,dados_ausentes,0,0.0,0,
UF,PI,misto,codigo_invalido,0,0.0,0,
UF,PI,dados_ausentes,presente,0,0.0,0,
UF,PI,dados_ausentes,ausente,0,0.0,0,
UF,PI,dados_ausentes,eliminado,0,0.0,0,
UF,PI,dados_ausentes,misto,0,0.0,0,
UF,PI,dados_ausentes,dados_ausentes,0,0.0,0,
UF,PI,dados_ausentes,codigo_invalido,0,0.0,0,
UF,PI,codigo_invalido,presente,0,0.0,0,
UF,PI,codigo_invalido,ausente,0,0.0,0,
UF,PI,codigo_invalido,eliminado,0,0.0,0,
UF,PI,codigo_invalido,misto,0,0.0,0,
UF,PI,codigo_invalido,dados_ausentes,0,0.0,0,
UF,PI,codigo_invalido,codigo_invalido,0,0.0,0,
UF,PR,presente,presente,132004,67.40538001184665,142507,92.62983572736778
UF,PR,presente,ausente,10420,5.320778610674237,142507,7.311921519644649
UF,PR,presente,eliminado,83,0.042382401601339895,142507,0.05824275298757254
UF,PR,presente,misto,0,0.0,142507,0.0
UF,PR,presente,dados_ausentes,0,0.0,142507,0.0
UF,PR,presente,codigo_invalido,0,0.0,142507,0.0
UF,PR,ausente,presente,405,0.20680569456075493,53065,0.7632149250918685
UF,PR,ausente,ausente,52659,26.88933597499949,53065,99.23490059361161
UF,PR,ausente,eliminado,1,0.0005106313445944566,53065,0.001884481296523132
UF,PR,ausente,misto,0,0.0,53065,0.0
UF,PR,ausente,dados_ausentes,0,0.0,53065,0.0
UF,PR,ausente,codigo_invalido,0,0.0,53065,0.0
UF,PR,eliminado,presente,43,0.021957147817561633,264,16.28787878787879
UF,PR,eliminado,ausente,221,0.11284952715537491,264,83.71212121212122
UF,PR,eliminado,eliminado,0,0.0,264,0.0
UF,PR,eliminado,misto,0,0.0,264,0.0
UF,PR,eliminado,dados_ausentes,0,0.0,264,0.0
UF,PR,eliminado,codigo_invalido,0,0.0,264,0.0
UF,PR,misto,presente,0,0.0,0,
UF,PR,misto,ausente,0,0.0,0,
UF,PR,misto,eliminado,0,0.0,0,
UF,PR,misto,misto,0,0.0,0,
UF,PR,misto,dados_ausentes,0,0.0,0,
UF,PR,misto,codigo_invalido,0,0.0,0,
UF,PR,dados_ausentes,presente,0,0.0,0,
UF,PR,dados_ausentes,ausente,0,0.0,0,
UF,PR,dados_ausentes,eliminado,0,0.0,0,
UF,PR,dados_ausentes,misto,0,0.0,0,
UF,PR,dados_ausentes,dados_ausentes,0,0.0,0,
UF,PR,dados_ausentes,codigo_invalido,0,0.0,0,
UF,PR,codigo_invalido,presente,0,0.0,0,
UF,PR,codigo_invalido,ausente,0,0.0,0,
UF,PR,codigo_invalido,eliminado,0,0.0,0,
UF,PR,codigo_invalido,misto,0,0.0,0,
UF,PR,codigo_invalido,dados_ausentes,0,0.0,0,
UF,PR,codigo_invalido,codigo_invalido,0,0.0,0,
UF,RJ,presente,presente,221151,67.23079682498184,235563,93.88189146852434
UF,RJ,presente,ausente,14291,4.344521695248113,235563,6.066742230316306
UF,RJ,presente,eliminado,121,0.03678448849800725,235563,0.051366301159350154
UF,RJ,presente,misto,0,0.0,235563,0.0
UF,RJ,presente,dados_ausentes,0,0.0,235563,0.0
UF,RJ,presente,codigo_invalido,0,0.0,235563,0.0
UF,RJ,ausente,presente,958,0.2912358676123219,93022,1.0298639031626926
UF,RJ,ausente,ausente,92063,27.987523674314396,93022,98.96906108232461
UF,RJ,ausente,eliminado,1,0.00030400403717361366,93022,0.0010750145126959213
UF,RJ,ausente,misto,0,0.0,93022,0.0
UF,RJ,ausente,dados_ausentes,0,0.0,93022,0.0
UF,RJ,ausente,codigo_invalido,0,0.0,93022,0.0
UF,RJ,eliminado,presente,45,0.013680181672812614,358,12.569832402234637
UF,RJ,eliminado,ausente,312,0.09484925959816747,358,87.15083798882682
UF,RJ,eliminado,eliminado,1,0.00030400403717361366,358,0.27932960893854747
UF,RJ,eliminado,misto,0,0.0,358,0.0
UF,RJ,eliminado,dados_ausentes,0,0.0,358,0.0
UF,RJ,eliminado,codigo_invalido,0,0.0,358,0.0
UF,RJ,misto,presente,0,0.0,0,
UF,RJ,misto,ausente,0,0.0,0,
UF,RJ,misto,eliminado,0,0.0,0,
UF,RJ,misto,misto,0,0.0,0,
UF,RJ,misto,dados_ausentes,0,0.0,0,
UF,RJ,misto,codigo_invalido,0,0.0,0,
UF,RJ,dados_ausentes,presente,0,0.0,0,
UF,RJ,dados_ausentes,ausente,0,0.0,0,
UF,RJ,dados_ausentes,eliminado,0,0.0,0,
UF,RJ,dados_ausentes,misto,0,0.0,0,
UF,RJ,dados_ausentes,dados_ausentes,0,0.0,0,
UF,RJ,dados_ausentes,codigo_invalido,0,0.0,0,
UF,RJ,codigo_invalido,presente,0,0.0,0,
UF,RJ,codigo_invalido,ausente,0,0.0,0,
UF,RJ,codigo_invalido,eliminado,0,0.0,0,
UF,RJ,codigo_invalido,misto,0,0.0,0,
UF,RJ,codigo_invalido,dados_ausentes,0,0.0,0,
UF,RJ,codigo_invalido,codigo_invalido,0,0.0,0,
UF,RN,presente,presente,81832,72.28464419475655,85759,95.42088876969181
UF,RN,presente,ausente,3876,3.4237863048547807,85759,4.5196422532912
UF,RN,presente,eliminado,51,0.0450498198007208,85759,0.05946897701698947
UF,RN,presente,misto,0,0.0,85759,0.0
UF,RN,presente,dados_ausentes,0,0.0,85759,0.0
UF,RN,presente,codigo_invalido,0,0.0,85759,0.0
UF,RN,ausente,presente,251,0.22171577980354745,27338,0.9181359280122906
UF,RN,ausente,ausente,27086,23.925870963182813,27338,99.07820615992391
UF,RN,ausente,eliminado,1,0.0008833298000141333,27338,0.0036579120637939863
UF,RN,ausente,misto,0,0.0,27338,0.0
UF,RN,ausente,dados_ausentes,0,0.0,27338,0.0
UF,RN,ausente,codigo_invalido,0,0.0,27338,0.0
UF,RN,eliminado,presente,16,0.014133276800226132,111,14.414414414414415
UF,RN,eliminado,ausente,95,0.08391633100134266,111,85.58558558558559
UF,RN,eliminado,eliminado,0,0.0,111,0.0
UF,RN,eliminado,misto,0,0.0,111,0.0
UF,RN,eliminado,dados_ausentes,0,0.0,111,0.0
UF,RN,eliminado,codigo_invalido,0,0.0,111,0.0
UF,RN,misto,presente,0,0.0,0,
UF,RN,misto,ausente,0,0.0,0,
UF,RN,misto,eliminado,0,0.0,0,
UF,RN,misto,misto,0,0.0,0,
UF,RN,misto,dados_ausentes,0,0.0,0,
UF,RN,misto,codigo_invalido,0,0.0,0,
UF,RN,dados_ausentes,presente,0,0.0,0,
UF,RN,dados_ausentes,ausente,0,0.0,0,
UF,RN,dados_ausentes,eliminado,0,0.0,0,
UF,RN,dados_ausentes,misto,0,0.0,0,
UF,RN,dados_ausentes,dados_ausentes,0,0.0,0,
UF,RN,dados_ausentes,codigo_invalido,0,0.0,0,
UF,RN,codigo_invalido,presente,0,0.0,0,
UF,RN,codigo_invalido,ausente,0,0.0,0,
UF,RN,codigo_invalido,eliminado,0,0.0,0,
UF,RN,codigo_invalido,misto,0,0.0,0,
UF,RN,codigo_invalido,dados_ausentes,0,0.0,0,
UF,RN,codigo_invalido,codigo_invalido,0,0.0,0,
UF,RO,presente,presente,29308,62.62660797469977,31620,92.68817204301075
UF,RO,presente,ausente,2288,4.889097824693363,31620,7.235926628716003
UF,RO,presente,eliminado,24,0.051284242916363944,31620,0.07590132827324478
UF,RO,presente,misto,0,0.0,31620,0.0
UF,RO,presente,dados_ausentes,0,0.0,31620,0.0
UF,RO,presente,codigo_invalido,0,0.0,31620,0.0
UF,RO,ausente,presente,156,0.33334757895636563,15121,1.031677799087362
UF,RO,ausente,ausente,14963,31.973588614898073,15121,98.9550955624628
UF,RO,ausente,eliminado,2,0.004273686909696995,15121,0.013226638449837973
UF,RO,ausente,misto,0,0.0,15121,0.0
UF,RO,ausente,dados_ausentes,0,0.0,15121,0.0
UF,RO,ausente,codigo_invalido,0,0.0,15121,0.0
UF,RO,eliminado,presente,6,0.012821060729090986,57,10.526315789473685
UF,RO,eliminado,ausente,51,0.10897901619727339,57,89.47368421052632
UF,RO,eliminado,eliminado,0,0.0,57,0.0
UF,RO,eliminado,misto,0,0.0,57,0.0
UF,RO,eliminado,dados_ausentes,0,0.0,57,0.0
UF,RO,eliminado,codigo_invalido,0,0.0,57,0.0
UF,RO,misto,presente,0,0.0,0,
UF,RO,misto,ausente,0,0.0,0,
UF,RO,misto,eliminado,0,0.0,0,
UF,RO,misto,misto,0,0.0,0,
UF,RO,misto,dados_ausentes,0,0.0,0,
UF,RO,misto,codigo_invalido,0,0.0,0,
UF,RO,dados_ausentes,presente,0,0.0,0,
UF,RO,dados_ausentes,ausente,0,0.0,0,
UF,RO,dados_ausentes,eliminado,0,0.0,0,
UF,RO,dados_ausentes,misto,0,0.0,0,
UF,RO,dados_ausentes,dados_ausentes,0,0.0,0,
UF,RO,dados_ausentes,codigo_invalido,0,0.0,0,
UF,RO,codigo_invalido,presente,0,0.0,0,
UF,RO,codigo_invalido,ausente,0,0.0,0,
UF,RO,codigo_invalido,eliminado,0,0.0,0,
UF,RO,codigo_invalido,misto,0,0.0,0,
UF,RO,codigo_invalido,dados_ausentes,0,0.0,0,
UF,RO,codigo_invalido,codigo_invalido,0,0.0,0,
UF,RR,presente,presente,8144,57.5222489052126,9030,90.18826135105205
UF,RR,presente,ausente,881,6.222630315016246,9030,9.756367663344408
UF,RR,presente,eliminado,5,0.03531572255968357,9030,0.05537098560354374
UF,RR,presente,misto,0,0.0,9030,0.0
UF,RR,presente,dados_ausentes,0,0.0,9030,0.0
UF,RR,presente,codigo_invalido,0,0.0,9030,0.0
UF,RR,ausente,presente,115,0.8122616188727222,5116,2.2478498827208755
UF,RR,ausente,ausente,5001,35.32278570419551,5116,97.75215011727913
UF,RR,ausente,eliminado,0,0.0,5116,0.0
UF,RR,ausente,misto,0,0.0,5116,0.0
UF,RR,ausente,dados_ausentes,0,0.0,5116,0.0
UF,RR,ausente,codigo_invalido,0,0.0,5116,0.0
UF,RR,eliminado,presente,2,0.014126289023873428,12,16.666666666666668
UF,RR,eliminado,ausente,10,0.07063144511936714,12,83.33333333333333
UF,RR,eliminado,eliminado,0,0.0,12,0.0
UF,RR,eliminado,misto,0,0.0,12,0.0
UF,RR,eliminado,dados_ausentes,0,0.0,12,0.0
UF,RR,eliminado,codigo_invalido,0,0.0,12,0.0
UF,RR,misto,presente,0,0.0,0,
UF,RR,misto,ausente,0,0.0,0,
UF,RR,misto,eliminado,0,0.0,0,
UF,RR,misto,misto,0,0.0,0,
UF,RR,misto,dados_ausentes,0,0.0,0,
UF,RR,misto,codigo_invalido,0,0.0,0,
UF,RR,dados_ausentes,presente,0,0.0,0,
UF,RR,dados_ausentes,ausente,0,0.0,0,
UF,RR,dados_ausentes,eliminado,0,0.0,0,
UF,RR,dados_ausentes,misto,0,0.0,0,
UF,RR,dados_ausentes,dados_ausentes,0,0.0,0,
UF,RR,dados_ausentes,codigo_invalido,0,0.0,0,
UF,RR,codigo_invalido,presente,0,0.0,0,
UF,RR,codigo_invalido,ausente,0,0.0,0,
UF,RR,codigo_invalido,eliminado,0,0.0,0,
UF,RR,codigo_invalido,misto,0,0.0,0,
UF,RR,codigo_invalido,dados_ausentes,0,0.0,0,
UF,RR,codigo_invalido,codigo_invalido,0,0.0,0,
UF,RS,presente,presente,121437,65.11262553417372,132433,91.6969335437542
UF,RS,presente,ausente,10935,5.863176463649379,132433,8.257005429160406
UF,RS,presente,eliminado,61,0.03270724867696498,132433,0.04606102708539413
UF,RS,presente,misto,0,0.0,132433,0.0
UF,RS,presente,dados_ausentes,0,0.0,132433,0.0
UF,RS,presente,codigo_invalido,0,0.0,132433,0.0
UF,RS,ausente,presente,487,0.26112180501117943,53873,0.9039778738885899
UF,RS,ausente,ausente,53386,28.624740620794302,53873,99.09602212611141
UF,RS,ausente,eliminado,0,0.0,53873,0.0
UF,RS,ausente,misto,0,0.0,53873,0.0
UF,RS,ausente,dados_ausentes,0,0.0,53873,0.0
UF,RS,ausente,codigo_invalido,0,0.0,53873,0.0
UF,RS,eliminado,presente,26,0.013940794518050649,197,13.197969543147208
UF,RS,eliminado,ausente,171,0.09168753317641003,197,86.80203045685279
UF,RS,eliminado,eliminado,0,0.0,197,0.0
UF,RS,eliminado,misto,0,0.0,197,0.0
UF,RS,eliminado,dados_ausentes,0,0.0,197,0.0
UF,RS,eliminado,codigo_invalido,0,0.0,197,0.0
UF,RS,misto,presente,0,0.0,0,
UF,RS,misto,ausente,0,0.0,0,
UF,RS,misto,eliminado,0,0.0,0,
UF,RS,misto,misto,0,0.0,0,
UF,RS,misto,dados_ausentes,0,0.0,0,
UF,RS,misto,codigo_invalido,0,0.0,0,
UF,RS,dados_ausentes,presente,0,0.0,0,
UF,RS,dados_ausentes,ausente,0,0.0,0,
UF,RS,dados_ausentes,eliminado,0,0.0,0,
UF,RS,dados_ausentes,misto,0,0.0,0,
UF,RS,dados_ausentes,dados_ausentes,0,0.0,0,
UF,RS,dados_ausentes,codigo_invalido,0,0.0,0,
UF,RS,codigo_invalido,presente,0,0.0,0,
UF,RS,codigo_invalido,ausente,0,0.0,0,
UF,RS,codigo_invalido,eliminado,0,0.0,0,
UF,RS,codigo_invalido,misto,0,0.0,0,
UF,RS,codigo_invalido,dados_ausentes,0,0.0,0,
UF,RS,codigo_invalido,codigo_invalido,0,0.0,0,
UF,SC,presente,presente,72924,66.01906589775392,79740,91.45221971407074
UF,SC,presente,ausente,6767,6.1262549905394765,79740,8.486330574366692
UF,SC,presente,eliminado,49,0.04436035089942875,79740,0.06144971156257838
UF,SC,presente,misto,0,0.0,79740,0.0
UF,SC,presente,dados_ausentes,0,0.0,79740,0.0
UF,SC,presente,codigo_invalido,0,0.0,79740,0.0
UF,SC,ausente,presente,326,0.2951321304737504,30610,1.0650114341718393
UF,SC,ausente,ausente,30283,27.41560216913063,30610,98.93172165958838
UF,SC,ausente,eliminado,1,0.0009053132836618112,30610,0.003266906239790918
UF,SC,ausente,misto,0,0.0,30610,0.0
UF,SC,ausente,dados_ausentes,0,0.0,30610,0.0
UF,SC,ausente,codigo_invalido,0,0.0,30610,0.0
UF,SC,eliminado,presente,17,0.01539032582225079,109,15.596330275229358
UF,SC,eliminado,ausente,92,0.08328882209688662,109,84.40366972477064
UF,SC,eliminado,eliminado,0,0.0,109,0.0
UF,SC,eliminado,misto,0,0.0,109,0.0
UF,SC,eliminado,dados_ausentes,0,0.0,109,0.0
UF,SC,eliminado,codigo_invalido,0,0.0,109,0.0
UF,SC,misto,presente,0,0.0,0,
UF,SC,misto,ausente,0,0.0,0,
UF,SC,misto,eliminado,0,0.0,0,
UF,SC,misto,misto,0,0.0,0,
UF,SC,misto,dados_ausentes,0,0.0,0,
UF,SC,misto,codigo_invalido,0,0.0,0,
UF,SC,dados_ausentes,presente,0,0.0,0,
UF,SC,dados_ausentes,ausente,0,0.0,0,
UF,SC,dados_ausentes,eliminado,0,0.0,0,
UF,SC,dados_ausentes,misto,0,0.0,0,
UF,SC,dados_ausentes,dados_ausentes,0,0.0,0,
UF,SC,dados_ausentes,codigo_invalido,0,0.0,0,
UF,SC,codigo_invalido,presente,0,0.0,0,
UF,SC,codigo_invalido,ausente,0,0.0,0,
UF,SC,codigo_invalido,eliminado,0,0.0,0,
UF,SC,codigo_invalido,misto,0,0.0,0,
UF,SC,codigo_invalido,dados_ausentes,0,0.0,0,
UF,SC,codigo_invalido,codigo_invalido,0,0.0,0,
UF,SE,presente,presente,56798,72.50098926488046,59927,94.77864735428105
UF,SE,presente,ausente,3095,3.950677167766559,59927,5.164616950623258
UF,SE,presente,eliminado,34,0.04340000765882488,59927,0.05673569509569977
UF,SE,presente,misto,0,0.0,59927,0.0
UF,SE,presente,dados_ausentes,0,0.0,59927,0.0
UF,SE,presente,codigo_invalido,0,0.0,59927,0.0
UF,SE,ausente,presente,234,0.2986941703577948,18326,1.2768743861180836
UF,SE,ausente,ausente,18092,23.093909957748817,18326,98.72312561388192
UF,SE,ausente,eliminado,0,0.0,18326,0.0
UF,SE,ausente,misto,0,0.0,18326,0.0
UF,SE,ausente,dados_ausentes,0,0.0,18326,0.0
UF,SE,ausente,codigo_invalido,0,0.0,18326,0.0
UF,SE,eliminado,presente,12,0.015317649761938194,88,13.636363636363637
UF,SE,eliminado,ausente,75,0.0957353110121137,88,85.22727272727273
UF,SE,eliminado,eliminado,1,0.0012764708134948494,88,1.1363636363636365
UF,SE,eliminado,misto,0,0.0,88,0.0
UF,SE,eliminado,dados_ausentes,0,0.0,88,0.0
UF,SE,eliminado,codigo_invalido,0,0.0,88,0.0
UF,SE,misto,presente,0,0.0,0,
UF,SE,misto,ausente,0,0.0,0,
UF,SE,misto,eliminado,0,0.0,0,
UF,SE,misto,misto,0,0.0,0,
UF,SE,misto,dados_ausentes,0,0.0,0,
UF,SE,misto,codigo_invalido,0,0.0,0,
UF,SE,dados_ausentes,presente,0,0.0,0,
UF,SE,dados_ausentes,ausente,0,0.0,0,
UF,SE,dados_ausentes,eliminado,0,0.0,0,
UF,SE,dados_ausentes,misto,0,0.0,0,
UF,SE,dados_ausentes,dados_ausentes,0,0.0,0,
UF,SE,dados_ausentes,codigo_invalido,0,0.0,0,
UF,SE,codigo_invalido,presente,0,0.0,0,
UF,SE,codigo_invalido,ausente,0,0.0,0,
UF,SE,codigo_invalido,eliminado,0,0.0,0,
UF,SE,codigo_invalido,misto,0,0.0,0,
UF,SE,codigo_invalido,dados_ausentes,0,0.0,0,
UF,SE,codigo_invalido,codigo_invalido,0,0.0,0,
UF,SP,presente,presente,511757,68.08792302411351,544811,93.93294188259782
UF,SP,presente,ausente,32796,4.363421552609591,544811,6.019702245365824
UF,SP,presente,eliminado,258,0.03432622150790567,544811,0.04735587203635756
UF,SP,presente,misto,0,0.0,544811,0.0
UF,SP,presente,dados_ausentes,0,0.0,544811,0.0
UF,SP,presente,codigo_invalido,0,0.0,544811,0.0
UF,SP,ausente,presente,2566,0.3413995518964572,206094,1.2450629324483002
UF,SP,ausente,ausente,203525,27.078466017040707,206094,98.75348142109911
UF,SP,ausente,eliminado,3,0.00039914211055704275,206094,0.001455646452589595
UF,SP,ausente,misto,0,0.0,206094,0.0
UF,SP,ausente,dados_ausentes,0,0.0,206094,0.0
UF,SP,ausente,codigo_invalido,0,0.0,206094,0.0
UF,SP,eliminado,presente,177,0.02354938452286552,707,25.035360678925034
UF,SP,eliminado,ausente,528,0.07024901145803952,707,74.68175388967468
UF,SP,eliminado,eliminado,2,0.0002660947403713618,707,0.2828854314002829
UF,SP,eliminado,misto,0,0.0,707,0.0
UF,SP,eliminado,dados_ausentes,0,0.0,707,0.0
UF,SP,eliminado,codigo_invalido,0,0.0,707,0.0
UF,SP,misto,presente,0,0.0,0,
UF,SP,misto,ausente,0,0.0,0,
UF,SP,misto,eliminado,0,0.0,0,
UF,SP,misto,misto,0,0.0,0,
UF,SP,misto,dados_ausentes,0,0.0,0,
UF,SP,misto,codigo_invalido,0,0.0,0,
UF,SP,dados_ausentes,presente,0,0.0,0,
UF,SP,dados_ausentes,ausente,0,0.0,0,
UF,SP,dados_ausentes,eliminado,0,0.0,0,
UF,SP,dados_ausentes,misto,0,0.0,0,
UF,SP,dados_ausentes,dados_ausentes,0,0.0,0,
UF,SP,dados_ausentes,codigo_invalido,0,0.0,0,
UF,SP,codigo_invalido,presente,0,0.0,0,
UF,SP,codigo_invalido,ausente,0,0.0,0,
UF,SP,codigo_invalido,eliminado,0,0.0,0,
UF,SP,codigo_invalido,misto,0,0.0,0,
UF,SP,codigo_invalido,dados_ausentes,0,0.0,0,
UF,SP,codigo_invalido,codigo_invalido,0,0.0,0,
UF,TO,presente,presente,24697,65.59628154050465,26650,92.671669793621
UF,TO,presente,ausente,1933,5.134130146082337,26650,7.25328330206379
UF,TO,presente,eliminado,20,0.05312084993359894,26650,0.075046904315197
UF,TO,presente,misto,0,0.0,26650,0.0
UF,TO,presente,dados_ausentes,0,0.0,26650,0.0
UF,TO,presente,codigo_invalido,0,0.0,26650,0.0
UF,TO,ausente,presente,109,0.28950863213811423,10945,0.9958885335769758
UF,TO,ausente,ausente,10836,28.780876494023904,10945,99.00411146642303
UF,TO,ausente,eliminado,0,0.0,10945,0.0
UF,TO,ausente,misto,0,0.0,10945,0.0
UF,TO,ausente,dados_ausentes,0,0.0,10945,0.0
UF,TO,ausente,codigo_invalido,0,0.0,10945,0.0
UF,TO,eliminado,presente,8,0.021248339973439574,55,14.545454545454545
UF,TO,eliminado,ausente,47,0.1248339973439575,55,85.45454545454545
UF,TO,eliminado,eliminado,0,0.0,55,0.0
UF,TO,eliminado,misto,0,0.0,55,0.0
UF,TO,eliminado,dados_ausentes,0,0.0,55,0.0
UF,TO,eliminado,codigo_invalido,0,0.0,55,0.0
UF,TO,misto,presente,0,0.0,0,
UF,TO,misto,ausente,0,0.0,0,
UF,TO,misto,eliminado,0,0.0,0,
UF,TO,misto,misto,0,0.0,0,
UF,TO,misto,dados_ausentes,0,0.0,0,
UF,TO,misto,codigo_invalido,0,0.0,0,
UF,TO,dados_ausentes,presente,0,0.0,0,
UF,TO,dados_ausentes,ausente,0,0.0,0,
UF,TO,dados_ausentes,eliminado,0,0.0,0,
UF,TO,dados_ausentes,misto,0,0.0,0,
UF,TO,dados_ausentes,dados_ausentes,0,0.0,0,
UF,TO,dados_ausentes,codigo_invalido,0,0.0,0,
UF,TO,codigo_invalido,presente,0,0.0,0,
UF,TO,codigo_invalido,ausente,0,0.0,0,
UF,TO,codigo_invalido,eliminado,0,0.0,0,
UF,TO,codigo_invalido,misto,0,0.0,0,
UF,TO,codigo_invalido,dados_ausentes,0,0.0,0,
UF,TO,codigo_invalido,codigo_invalido,0,0.0,0,
