edicao,dia1,dia2,quantidade,percentual_base,denominador_origem,percentual_origem
2024,presente,presente,2990093,69.00834628834345,3167955,94.38558944176921
2024,presente,ausente,175619,4.053110310218641,3167955,5.543607784832802
2024,presente,eliminado,2243,0.05176618945456023,3167955,0.07080277339798072
2024,presente,misto,0,0.0,3167955,0.0
2024,presente,dados_ausentes,0,0.0,3167955,0.0
2024,presente,codigo_invalido,0,0.0,3167955,0.0
2024,ausente,presente,14004,0.3231982688906203,1159331,1.2079380263272526
2024,ausente,ausente,1145272,26.431728635311234,1159331,98.78731785831657
2024,ausente,eliminado,55,0.0012693448149802998,1159331,0.004744115356183868
2024,ausente,misto,0,0.0,1159331,0.0
2024,ausente,dados_ausentes,0,0.0,1159331,0.0
2024,ausente,codigo_invalido,0,0.0,1159331,0.0
2024,eliminado,presente,884,0.02040183302622882,5658,15.623895369388476
2024,eliminado,ausente,4769,0.11006373495711,5658,84.28773418168964
2024,eliminado,eliminado,5,0.00011539498318002725,5658,0.08837044892188052
2024,eliminado,misto,0,0.0,5658,0.0
2024,eliminado,dados_ausentes,0,0.0,5658,0.0
2024,eliminado,codigo_invalido,0,0.0,5658,0.0
2024,misto,presente,0,0.0,0,
2024,misto,ausente,0,0.0,0,
2024,misto,eliminado,0,0.0,0,
2024,misto,misto,0,0.0,0,
2024,misto,dados_ausentes,0,0.0,0,
2024,misto,codigo_invalido,0,0.0,0,
2024,dados_ausentes,presente,0,0.0,0,
2024,dados_ausentes,ausente,0,0.0,0,
2024,dados_ausentes,eliminado,0,0.0,0,
2024,dados_ausentes,misto,0,0.0,0,
2024,dados_ausentes,dados_ausentes,0,0.0,0,
2024,dados_ausentes,codigo_invalido,0,0.0,0,
2024,codigo_invalido,presente,0,0.0,0,
2024,codigo_invalido,ausente,0,0.0,0,
2024,codigo_invalido,eliminado,0,0.0,0,
2024,codigo_invalido,misto,0,0.0,0,
2024,codigo_invalido,dados_ausentes,0,0.0,0,
2024,codigo_invalido,codigo_invalido,0,0.0,0,
2025,presente,presente,3244348,67.43923844239552,3457555,93.83359049964498
2025,presente,ausente,211292,4.392060151676279,3457555,6.111023541201803
2025,presente,eliminado,1915,0.03980650091087252,3457555,0.05538595915321665
2025,presente,misto,0,0.0,3457555,0.0
2025,presente,dados_ausentes,0,0.0,3457555,0.0
2025,presente,codigo_invalido,0,0.0,3457555,0.0
2025,ausente,presente,15146,0.31483512417549614,1348087,1.123517992533123
2025,ausente,ausente,1332913,27.70684206193933,1348087,98.87440499018238
2025,ausente,eliminado,28,0.0005820271673652378,1348087,0.0020770172844927666
2025,ausente,misto,0,0.0,1348087,0.0
2025,ausente,dados_ausentes,0,0.0,1348087,0.0
2025,ausente,codigo_invalido,0,0.0,1348087,0.0
2025,eliminado,presente,842,0.017502388390054652,5130,16.413255360623783
2025,eliminado,ausente,4282,0.08900858323778388,5130,83.46978557504873
2025,eliminado,eliminado,6,0.00012472010729255097,5130,0.11695906432748537
2025,eliminado,misto,0,0.0,5130,0.0
2025,eliminado,dados_ausentes,0,0.0,5130,0.0
2025,eliminado,codigo_invalido,0,0.0,5130,0.0
2025,misto,presente,0,0.0,0,
2025,misto,ausente,0,0.0,0,
2025,misto,eliminado,0,0.0,0,
2025,misto,misto,0,0.0,0,
2025,misto,dados_ausentes,0,0.0,0,
2025,misto,codigo_invalido,0,0.0,0,
2025,dados_ausentes,presente,0,0.0,0,
2025,dados_ausentes,ausente,0,0.0,0,
2025,dados_ausentes,eliminado,0,0.0,0,
2025,dados_ausentes,misto,0,0.0,0,
2025,dados_ausentes,dados_ausentes,0,0.0,0,
2025,dados_ausentes,codigo_invalido,0,0.0,0,
2025,codigo_invalido,presente,0,0.0,0,
2025,codigo_invalido,ausente,0,0.0,0,
2025,codigo_invalido,eliminado,0,0.0,0,
2025,codigo_invalido,misto,0,0.0,0,
2025,codigo_invalido,dados_ausentes,0,0.0,0,
2025,codigo_invalido,codigo_invalido,0,0.0,0,
