edicao,dia,status,quantidade,percentual_base
2024,1,presente,3167955,73.11322278801664
2024,1,ausente,1159331,26.756196249016835
2024,1,eliminado,5658,0.13058096296651883
2024,1,misto,0,0.0
2024,1,dados_ausentes,0,0.0
2024,1,codigo_invalido,0,0.0
2024,2,presente,3004981,69.3519463902603
2024,2,ausente,1325660,30.594902680486985
2024,2,eliminado,2303,0.05315092925272055
2024,2,misto,0,0.0
2024,2,dados_ausentes,0,0.0
2024,2,codigo_invalido,0,0.0
2025,1,presente,3457555,71.87110509498268
2025,1,ausente,1348087,28.022259213282194
2025,1,eliminado,5130,0.10663569173513107
2025,1,misto,0,0.0
2025,1,dados_ausentes,0,0.0
2025,1,codigo_invalido,0,0.0
2025,2,presente,3260336,67.77157595496108
2025,2,ausente,1548487,32.187910796853394
2025,2,eliminado,1949,0.04051324818553031
2025,2,misto,0,0.0
2025,2,dados_ausentes,0,0.0
2025,2,codigo_invalido,0,0.0
