ano,requisito,entidade,campo_canonico,campo_csv,campo_dicionario,aba,linha_inicio,linha_fim,descricao,arquivo_dicionario,regra
2010,participacao,resultado,presenca_cn,TP_PRESENCA_CN,TP_PRESENCA_CN,MICRODADOS_ENEM_2010,79,81,Presença na prova objetiva de Ciências da Natureza,raw/microdados_enem_2010/DICIONÁRIO/Dicionário_Microdados_Enem_2010.xlsx,Preservar original; adaptar por edição
2010,participacao,resultado,presenca_ch,TP_PRESENCA_CH,TP_PRESENCA_CH,MICRODADOS_ENEM_2010,82,84,Presença na prova objetiva de Ciências Humanas,raw/microdados_enem_2010/DICIONÁRIO/Dicionário_Microdados_Enem_2010.xlsx,Preservar original; adaptar por edição
2010,participacao,resultado,presenca_lc,TP_PRESENCA_LC,TP_PRESENCA_LC,MICRODADOS_ENEM_2010,85,87,Presença na prova objetiva de Linguagens e Códigos,raw/microdados_enem_2010/DICIONÁRIO/Dicionário_Microdados_Enem_2010.xlsx,Preservar original; adaptar por edição
2010,participacao,resultado,presenca_mt,TP_PRESENCA_MT,TP_PRESENCA_MT,MICRODADOS_ENEM_2010,88,90,Presença na prova objetiva de Matemática,raw/microdados_enem_2010/DICIONÁRIO/Dicionário_Microdados_Enem_2010.xlsx,Preservar original; adaptar por edição
2010,objetivas,resultado,nota_cn,NU_NOTA_CN,NU_NOTA_CN,MICRODADOS_ENEM_2010,123,123,Nota da prova de Ciências da Natureza,raw/microdados_enem_2010/DICIONÁRIO/Dicionário_Microdados_Enem_2010.xlsx,Preservar original; adaptar por edição
2010,objetivas,resultado,nota_ch,NU_NOTA_CH,NU_NOTA_CH,MICRODADOS_ENEM_2010,124,124,Nota da prova de Ciências Humanas,raw/microdados_enem_2010/DICIONÁRIO/Dicionário_Microdados_Enem_2010.xlsx,Preservar original; adaptar por edição
2010,objetivas,resultado,nota_lc,NU_NOTA_LC,NU_NOTA_LC,MICRODADOS_ENEM_2010,125,125,Nota da prova de Linguagens e Códigos,raw/microdados_enem_2010/DICIONÁRIO/Dicionário_Microdados_Enem_2010.xlsx,Preservar original; adaptar por edição
2010,objetivas,resultado,nota_mt,NU_NOTA_MT,NU_NOTA_MT,MICRODADOS_ENEM_2010,126,126,Nota da prova de Matemática,raw/microdados_enem_2010/DICIONÁRIO/Dicionário_Microdados_Enem_2010.xlsx,Preservar original; adaptar por edição
2010,redacao,resultado,tp_status_redacao,TP_STATUS_REDACAO,TP_STATUS_REDACAO,MICRODADOS_ENEM_2010,138,142,Situação da redação do participante,raw/microdados_enem_2010/DICIONÁRIO/Dicionário_Microdados_Enem_2010.xlsx,Preservar original; adaptar por edição
2010,redacao,resultado,nu_nota_redacao,NU_NOTA_REDACAO,NU_NOTA_REDACAO,MICRODADOS_ENEM_2010,148,148,Nota da prova de redação,raw/microdados_enem_2010/DICIONÁRIO/Dicionário_Microdados_Enem_2010.xlsx,Preservar original; adaptar por edição
2010,redacao,resultado,nu_nota_comp1,NU_NOTA_COMP1,NU_NOTA_COMP1,MICRODADOS_ENEM_2010,143,143,Nota da competência 1,raw/microdados_enem_2010/DICIONÁRIO/Dicionário_Microdados_Enem_2010.xlsx,Preservar original; adaptar por edição
2010,redacao,resultado,nu_nota_comp2,NU_NOTA_COMP2,NU_NOTA_COMP2,MICRODADOS_ENEM_2010,144,144,Nota da competência 2,raw/microdados_enem_2010/DICIONÁRIO/Dicionário_Microdados_Enem_2010.xlsx,Preservar original; adaptar por edição
2010,redacao,resultado,nu_nota_comp3,NU_NOTA_COMP3,NU_NOTA_COMP3,MICRODADOS_ENEM_2010,145,145,Nota da competência 3,raw/microdados_enem_2010/DICIONÁRIO/Dicionário_Microdados_Enem_2010.xlsx,Preservar original; adaptar por edição
2010,redacao,resultado,nu_nota_comp4,NU_NOTA_COMP4,NU_NOTA_COMP4,MICRODADOS_ENEM_2010,146,146,Nota da competência 4,raw/microdados_enem_2010/DICIONÁRIO/Dicionário_Microdados_Enem_2010.xlsx,Preservar original; adaptar por edição
2010,redacao,resultado,nu_nota_comp5,NU_NOTA_COMP5,NU_NOTA_COMP5,MICRODADOS_ENEM_2010,147,147,Nota da competência 5,raw/microdados_enem_2010/DICIONÁRIO/Dicionário_Microdados_Enem_2010.xlsx,Preservar original; adaptar por edição
2010,local_aplicacao,resultado,co_municipio_prova,CO_MUNICIPIO_PROVA,CO_MUNICIPIO_PROVA,MICRODADOS_ENEM_2010,70,74,Código do município da aplicação da prova,raw/microdados_enem_2010/DICIONÁRIO/Dicionário_Microdados_Enem_2010.xlsx,Preservar original; adaptar por edição
2010,local_aplicacao,resultado,no_municipio_prova,NO_MUNICIPIO_PROVA,NO_MUNICIPIO_PROVA,MICRODADOS_ENEM_2010,75,75,Nome do município da aplicação da prova,raw/microdados_enem_2010/DICIONÁRIO/Dicionário_Microdados_Enem_2010.xlsx,Preservar original; adaptar por edição
2010,local_aplicacao,resultado,co_uf_prova,CO_UF_PROVA,CO_UF_PROVA,MICRODADOS_ENEM_2010,76,76,Código da Unidade da Federação da aplicação da prova,raw/microdados_enem_2010/DICIONÁRIO/Dicionário_Microdados_Enem_2010.xlsx,Preservar original; adaptar por edição
2010,local_aplicacao,resultado,sg_uf_prova,SG_UF_PROVA,SG_UF_PROVA,MICRODADOS_ENEM_2010,77,77,Sigla da Unidade da Federação da aplicação da prova,raw/microdados_enem_2010/DICIONÁRIO/Dicionário_Microdados_Enem_2010.xlsx,Preservar original; adaptar por edição
2010,rede,resultado,rede_escolar,TP_DEPENDENCIA_ADM_ESC,TP_DEPENDENCIA_ADM_ESC,MICRODADOS_ENEM_2010,56,59,Dependência administrativa (Escola),raw/microdados_enem_2010/DICIONÁRIO/Dicionário_Microdados_Enem_2010.xlsx,Preservar original; adaptar por edição
2010,renda,perfil,renda_familiar_codigo,Q04,Q04,MICRODADOS_ENEM_2010,173,180,"Somando a sua renda com a renda das pessoas que moram com você, quanto é, aproximadamente, a renda familiar mensal?
",raw/microdados_enem_2010/DICIONÁRIO/Dicionário_Microdados_Enem_2010.xlsx,Preservar original; adaptar por edição
2010,renda,perfil,renda_propria_faixa,Q05,Q05,MICRODADOS_ENEM_2010,181,188,"Qual a sua renda mensal, aproximadamente?",raw/microdados_enem_2010/DICIONÁRIO/Dicionário_Microdados_Enem_2010.xlsx,Preservar original; adaptar por edição
2011,participacao,resultado,presenca_cn,TP_PRESENCA_CN,TP_PRESENCA_CN,MICRODADOS_ENEM_2011,96,98,Presença na prova objetiva de Ciências da Natureza,raw/microdados_enem_2011/DICIONÁRIO/Dicionário_Microdados_Enem_2011.xlsx,Preservar original; adaptar por edição
2011,participacao,resultado,presenca_ch,TP_PRESENCA_CH,TP_PRESENCA_CH,MICRODADOS_ENEM_2011,99,101,Presença na prova objetiva de Ciências Humanas,raw/microdados_enem_2011/DICIONÁRIO/Dicionário_Microdados_Enem_2011.xlsx,Preservar original; adaptar por edição
2011,participacao,resultado,presenca_lc,TP_PRESENCA_LC,TP_PRESENCA_LC,MICRODADOS_ENEM_2011,102,104,Presença na prova objetiva de Linguagens e Códigos,raw/microdados_enem_2011/DICIONÁRIO/Dicionário_Microdados_Enem_2011.xlsx,Preservar original; adaptar por edição
2011,participacao,resultado,presenca_mt,TP_PRESENCA_MT,TP_PRESENCA_MT,MICRODADOS_ENEM_2011,105,107,Presença na prova objetiva de Matemática,raw/microdados_enem_2011/DICIONÁRIO/Dicionário_Microdados_Enem_2011.xlsx,Preservar original; adaptar por edição
2011,objetivas,resultado,nota_cn,NU_NOTA_CN,NU_NOTA_CN,MICRODADOS_ENEM_2011,124,124,Nota da prova de Ciências da Natureza,raw/microdados_enem_2011/DICIONÁRIO/Dicionário_Microdados_Enem_2011.xlsx,Preservar original; adaptar por edição
2011,objetivas,resultado,nota_ch,NU_NOTA_CH,NU_NOTA_CH,MICRODADOS_ENEM_2011,125,125,Nota da prova de Ciências Humanas,raw/microdados_enem_2011/DICIONÁRIO/Dicionário_Microdados_Enem_2011.xlsx,Preservar original; adaptar por edição
2011,objetivas,resultado,nota_lc,NU_NOTA_LC,NU_NOTA_LC,MICRODADOS_ENEM_2011,126,126,Nota da prova de Linguagens e Códigos,raw/microdados_enem_2011/DICIONÁRIO/Dicionário_Microdados_Enem_2011.xlsx,Preservar original; adaptar por edição
2011,objetivas,resultado,nota_mt,NU_NOTA_MT,NU_NOTA_MT,MICRODADOS_ENEM_2011,127,127,Nota da prova de Matemática,raw/microdados_enem_2011/DICIONÁRIO/Dicionário_Microdados_Enem_2011.xlsx,Preservar original; adaptar por edição
2011,redacao,resultado,tp_status_redacao,TP_STATUS_REDACAO,TP_STATUS_REDACAO,MICRODADOS_ENEM_2011,139,142,Situação da redação do participante,raw/microdados_enem_2011/DICIONÁRIO/Dicionário_Microdados_Enem_2011.xlsx,Preservar original; adaptar por edição
2011,redacao,resultado,nu_nota_redacao,NU_NOTA_REDACAO,NU_NOTA_REDACAO,MICRODADOS_ENEM_2011,148,148,Nota da prova de redação,raw/microdados_enem_2011/DICIONÁRIO/Dicionário_Microdados_Enem_2011.xlsx,Preservar original; adaptar por edição
2011,redacao,resultado,nu_nota_comp1,NU_NOTA_COMP1,NU_NOTA_COMP1,MICRODADOS_ENEM_2011,143,143,Nota da competência 1 - Demonstrar domínio da modalidade escrita formal da Língua Portuguesa.,raw/microdados_enem_2011/DICIONÁRIO/Dicionário_Microdados_Enem_2011.xlsx,Preservar original; adaptar por edição
2011,redacao,resultado,nu_nota_comp2,NU_NOTA_COMP2,NU_NOTA_COMP2,MICRODADOS_ENEM_2011,144,144,"Nota da competência 2 - Compreender a proposta de redação e aplicar conceitos das várias áreas de conhecimento para desenvolver o tema, dentro dos limites estruturais do texto dissertativo-argumentativo em prosa.",raw/microdados_enem_2011/DICIONÁRIO/Dicionário_Microdados_Enem_2011.xlsx,Preservar original; adaptar por edição
2011,redacao,resultado,nu_nota_comp3,NU_NOTA_COMP3,NU_NOTA_COMP3,MICRODADOS_ENEM_2011,145,145,"Nota da competência 3 - Selecionar, relacionar, organizar e interpretar informações, fatos, opiniões e argumentos em defesa de um ponto de vista.",raw/microdados_enem_2011/DICIONÁRIO/Dicionário_Microdados_Enem_2011.xlsx,Preservar original; adaptar por edição
2011,redacao,resultado,nu_nota_comp4,NU_NOTA_COMP4,NU_NOTA_COMP4,MICRODADOS_ENEM_2011,146,146,Nota da competência 4 - Demonstrar conhecimento dos mecanismos linguísticos necessários para a construção da argumentação.,raw/microdados_enem_2011/DICIONÁRIO/Dicionário_Microdados_Enem_2011.xlsx,Preservar original; adaptar por edição
2011,redacao,resultado,nu_nota_comp5,NU_NOTA_COMP5,NU_NOTA_COMP5,MICRODADOS_ENEM_2011,147,147,"Nota da competência 5 - Elaborar proposta de intervenção para o problema abordado, respeitando os direitos humanos.",raw/microdados_enem_2011/DICIONÁRIO/Dicionário_Microdados_Enem_2011.xlsx,Preservar original; adaptar por edição
2011,local_aplicacao,resultado,co_municipio_prova,CO_MUNICIPIO_PROVA,CO_MUNICIPIO_PROVA,MICRODADOS_ENEM_2011,87,91,Código do município da aplicação da prova,raw/microdados_enem_2011/DICIONÁRIO/Dicionário_Microdados_Enem_2011.xlsx,Preservar original; adaptar por edição
2011,local_aplicacao,resultado,no_municipio_prova,NO_MUNICIPIO_PROVA,NO_MUNICIPIO_PROVA,MICRODADOS_ENEM_2011,92,92,Nome do município da aplicação da prova,raw/microdados_enem_2011/DICIONÁRIO/Dicionário_Microdados_Enem_2011.xlsx,Preservar original; adaptar por edição
2011,local_aplicacao,resultado,co_uf_prova,CO_UF_PROVA,CO_UF_PROVA,MICRODADOS_ENEM_2011,93,93,Código da Unidade da Federação da aplicação da prova,raw/microdados_enem_2011/DICIONÁRIO/Dicionário_Microdados_Enem_2011.xlsx,Preservar original; adaptar por edição
2011,local_aplicacao,resultado,sg_uf_prova,SG_UF_PROVA,SG_UF_PROVA,MICRODADOS_ENEM_2011,94,94,Sigla da Unidade da Federação da aplicação da prova,raw/microdados_enem_2011/DICIONÁRIO/Dicionário_Microdados_Enem_2011.xlsx,Preservar original; adaptar por edição
2011,rede,resultado,rede_escolar,TP_DEPENDENCIA_ADM_ESC,TP_DEPENDENCIA_ADM_ESC,MICRODADOS_ENEM_2011,70,73,Dependência administrativa (Escola),raw/microdados_enem_2011/DICIONÁRIO/Dicionário_Microdados_Enem_2011.xlsx,Preservar original; adaptar por edição
2011,renda,perfil,renda_familiar_codigo,Q004,Q004,MICRODADOS_ENEM_2011,188,198,"Somando a sua renda com a renda das pessoas que moram com você, quanto é, aproximadamente, a renda familiar mensal?
",raw/microdados_enem_2011/DICIONÁRIO/Dicionário_Microdados_Enem_2011.xlsx,Preservar original; adaptar por edição
2011,renda,perfil,renda_propria_faixa,Q005,Q005,MICRODADOS_ENEM_2011,199,209,"Qual a sua renda mensal, aproximadamente?",raw/microdados_enem_2011/DICIONÁRIO/Dicionário_Microdados_Enem_2011.xlsx,Preservar original; adaptar por edição
2012,participacao,resultado,presenca_cn,TP_PRESENCA_CN,TP_PRESENCA_CN,MICRODADOS_ENEM_2012,86,88,Presença na prova objetiva de Ciências da Natureza,raw/microdados_enem_2012/DICIONÁRIO/Dicionário_Microdados_Enem_2012.xlsx,Preservar original; adaptar por edição
2012,participacao,resultado,presenca_ch,TP_PRESENCA_CH,TP_PRESENCA_CH,MICRODADOS_ENEM_2012,89,91,Presença na prova objetiva de Ciências Humanas,raw/microdados_enem_2012/DICIONÁRIO/Dicionário_Microdados_Enem_2012.xlsx,Preservar original; adaptar por edição
2012,participacao,resultado,presenca_lc,TP_PRESENCA_LC,TP_PRESENCA_LC,MICRODADOS_ENEM_2012,92,94,Presença na prova objetiva de Linguagens e Códigos,raw/microdados_enem_2012/DICIONÁRIO/Dicionário_Microdados_Enem_2012.xlsx,Preservar original; adaptar por edição
2012,participacao,resultado,presenca_mt,TP_PRESENCA_MT,TP_PRESENCA_MT,MICRODADOS_ENEM_2012,95,97,Presença na prova objetiva de Matemática,raw/microdados_enem_2012/DICIONÁRIO/Dicionário_Microdados_Enem_2012.xlsx,Preservar original; adaptar por edição
2012,objetivas,resultado,nota_cn,NU_NOTA_CN,NU_NOTA_CN,MICRODADOS_ENEM_2012,118,118,Nota da prova de Ciências da Natureza,raw/microdados_enem_2012/DICIONÁRIO/Dicionário_Microdados_Enem_2012.xlsx,Preservar original; adaptar por edição
2012,objetivas,resultado,nota_ch,NU_NOTA_CH,NU_NOTA_CH,MICRODADOS_ENEM_2012,119,119,Nota da prova de Ciências Humanas,raw/microdados_enem_2012/DICIONÁRIO/Dicionário_Microdados_Enem_2012.xlsx,Preservar original; adaptar por edição
2012,objetivas,resultado,nota_lc,NU_NOTA_LC,NU_NOTA_LC,MICRODADOS_ENEM_2012,120,120,Nota da prova de Linguagens e Códigos,raw/microdados_enem_2012/DICIONÁRIO/Dicionário_Microdados_Enem_2012.xlsx,Preservar original; adaptar por edição
2012,objetivas,resultado,nota_mt,NU_NOTA_MT,NU_NOTA_MT,MICRODADOS_ENEM_2012,121,121,Nota da prova de Matemática,raw/microdados_enem_2012/DICIONÁRIO/Dicionário_Microdados_Enem_2012.xlsx,Preservar original; adaptar por edição
2012,redacao,resultado,tp_status_redacao,TP_STATUS_REDACAO,TP_STATUS_REDACAO,MICRODADOS_ENEM_2012,133,141,Situação da redação do participante,raw/microdados_enem_2012/DICIONÁRIO/Dicionário_Microdados_Enem_2012.xlsx,Preservar original; adaptar por edição
2012,redacao,resultado,nu_nota_redacao,NU_NOTA_REDACAO,NU_NOTA_REDACAO,MICRODADOS_ENEM_2012,147,147,Nota da prova de redação,raw/microdados_enem_2012/DICIONÁRIO/Dicionário_Microdados_Enem_2012.xlsx,Preservar original; adaptar por edição
2012,redacao,resultado,nu_nota_comp1,NU_NOTA_COMP1,NU_NOTA_COMP1,MICRODADOS_ENEM_2012,142,142,Nota da competência 1,raw/microdados_enem_2012/DICIONÁRIO/Dicionário_Microdados_Enem_2012.xlsx,Preservar original; adaptar por edição
2012,redacao,resultado,nu_nota_comp2,NU_NOTA_COMP2,NU_NOTA_COMP2,MICRODADOS_ENEM_2012,143,143,Nota da competência 2,raw/microdados_enem_2012/DICIONÁRIO/Dicionário_Microdados_Enem_2012.xlsx,Preservar original; adaptar por edição
2012,redacao,resultado,nu_nota_comp3,NU_NOTA_COMP3,NU_NOTA_COMP3,MICRODADOS_ENEM_2012,144,144,Nota da competência 3,raw/microdados_enem_2012/DICIONÁRIO/Dicionário_Microdados_Enem_2012.xlsx,Preservar original; adaptar por edição
2012,redacao,resultado,nu_nota_comp4,NU_NOTA_COMP4,NU_NOTA_COMP4,MICRODADOS_ENEM_2012,145,145,Nota da competência 4,raw/microdados_enem_2012/DICIONÁRIO/Dicionário_Microdados_Enem_2012.xlsx,Preservar original; adaptar por edição
2012,redacao,resultado,nu_nota_comp5,NU_NOTA_COMP5,NU_NOTA_COMP5,MICRODADOS_ENEM_2012,146,146,Nota da competência 5,raw/microdados_enem_2012/DICIONÁRIO/Dicionário_Microdados_Enem_2012.xlsx,Preservar original; adaptar por edição
2012,local_aplicacao,resultado,co_municipio_prova,CO_MUNICIPIO_PROVA,CO_MUNICIPIO_PROVA,MICRODADOS_ENEM_2012,77,81,Código do município da aplicação da prova,raw/microdados_enem_2012/DICIONÁRIO/Dicionário_Microdados_Enem_2012.xlsx,Preservar original; adaptar por edição
2012,local_aplicacao,resultado,no_municipio_prova,NO_MUNICIPIO_PROVA,NO_MUNICIPIO_PROVA,MICRODADOS_ENEM_2012,82,82,Nome do município da aplicação da prova,raw/microdados_enem_2012/DICIONÁRIO/Dicionário_Microdados_Enem_2012.xlsx,Preservar original; adaptar por edição
2012,local_aplicacao,resultado,co_uf_prova,CO_UF_PROVA,CO_UF_PROVA,MICRODADOS_ENEM_2012,83,83,Código da Unidade da Federação da aplicação da prova,raw/microdados_enem_2012/DICIONÁRIO/Dicionário_Microdados_Enem_2012.xlsx,Preservar original; adaptar por edição
2012,local_aplicacao,resultado,sg_uf_prova,SG_UF_PROVA,SG_UF_PROVA,MICRODADOS_ENEM_2012,84,84,Sigla da Unidade da Federação da aplicação da prova,raw/microdados_enem_2012/DICIONÁRIO/Dicionário_Microdados_Enem_2012.xlsx,Preservar original; adaptar por edição
2012,rede,resultado,rede_escolar,TP_DEPENDENCIA_ADM_ESC,TP_DEPENDENCIA_ADM_ESC,MICRODADOS_ENEM_2012,60,63,Dependência administrativa (Escola),raw/microdados_enem_2012/DICIONÁRIO/Dicionário_Microdados_Enem_2012.xlsx,Preservar original; adaptar por edição
2012,renda,perfil,renda_familiar_codigo,Q003,Q3,MICRODADOS_ENEM_2012,167,183,Qual é a renda mensal de sua família? (Some a sua renda com a dos seus familiares.),raw/microdados_enem_2012/DICIONÁRIO/Dicionário_Microdados_Enem_2012.xlsx,Q3 no dicionário; Q003 no CSV e INPUTS
2013,participacao,resultado,presenca_cn,TP_PRESENCA_CN,TP_PRESENCA_CN,MICRODADOS_ENEM_2013,89,91,Presença na prova objetiva de Ciências da Natureza,raw/microdados_enem_2013/DICIONÁRIO/Dicionário_Microdados_Enem_2013.xlsx,Preservar original; adaptar por edição
2013,participacao,resultado,presenca_ch,TP_PRESENCA_CH,TP_PRESENCA_CH,MICRODADOS_ENEM_2013,92,94,Presença na prova objetiva de Ciências Humanas,raw/microdados_enem_2013/DICIONÁRIO/Dicionário_Microdados_Enem_2013.xlsx,Preservar original; adaptar por edição
2013,participacao,resultado,presenca_lc,TP_PRESENCA_LC,TP_PRESENCA_LC,MICRODADOS_ENEM_2013,95,97,Presença na prova objetiva de Linguagens e Códigos,raw/microdados_enem_2013/DICIONÁRIO/Dicionário_Microdados_Enem_2013.xlsx,Preservar original; adaptar por edição
2013,participacao,resultado,presenca_mt,TP_PRESENCA_MT,TP_PRESENCA_MT,MICRODADOS_ENEM_2013,98,100,Presença na prova objetiva de Matemática,raw/microdados_enem_2013/DICIONÁRIO/Dicionário_Microdados_Enem_2013.xlsx,Preservar original; adaptar por edição
2013,objetivas,resultado,nota_cn,NU_NOTA_CN,NU_NOTA_CN,MICRODADOS_ENEM_2013,121,121,Nota da prova de Ciências da Natureza,raw/microdados_enem_2013/DICIONÁRIO/Dicionário_Microdados_Enem_2013.xlsx,Preservar original; adaptar por edição
2013,objetivas,resultado,nota_ch,NU_NOTA_CH,NU_NOTA_CH,MICRODADOS_ENEM_2013,122,122,Nota da prova de Ciências Humanas,raw/microdados_enem_2013/DICIONÁRIO/Dicionário_Microdados_Enem_2013.xlsx,Preservar original; adaptar por edição
2013,objetivas,resultado,nota_lc,NU_NOTA_LC,NU_NOTA_LC,MICRODADOS_ENEM_2013,123,123,Nota da prova de Linguagens e Códigos,raw/microdados_enem_2013/DICIONÁRIO/Dicionário_Microdados_Enem_2013.xlsx,Preservar original; adaptar por edição
2013,objetivas,resultado,nota_mt,NU_NOTA_MT,NU_NOTA_MT,MICRODADOS_ENEM_2013,124,124,Nota da prova de Matemática,raw/microdados_enem_2013/DICIONÁRIO/Dicionário_Microdados_Enem_2013.xlsx,Preservar original; adaptar por edição
2013,redacao,resultado,tp_status_redacao,TP_STATUS_REDACAO,TP_STATUS_REDACAO,MICRODADOS_ENEM_2013,136,145,Situação da redação do participante,raw/microdados_enem_2013/DICIONÁRIO/Dicionário_Microdados_Enem_2013.xlsx,Preservar original; adaptar por edição
2013,redacao,resultado,nu_nota_redacao,NU_NOTA_REDACAO,NU_NOTA_REDACAO,MICRODADOS_ENEM_2013,151,151,Nota da prova de redação,raw/microdados_enem_2013/DICIONÁRIO/Dicionário_Microdados_Enem_2013.xlsx,Preservar original; adaptar por edição
2013,redacao,resultado,nu_nota_comp1,NU_NOTA_COMP1,NU_NOTA_COMP1,MICRODADOS_ENEM_2013,146,146,Nota da competência 1,raw/microdados_enem_2013/DICIONÁRIO/Dicionário_Microdados_Enem_2013.xlsx,Preservar original; adaptar por edição
2013,redacao,resultado,nu_nota_comp2,NU_NOTA_COMP2,NU_NOTA_COMP2,MICRODADOS_ENEM_2013,147,147,Nota da competência 2,raw/microdados_enem_2013/DICIONÁRIO/Dicionário_Microdados_Enem_2013.xlsx,Preservar original; adaptar por edição
2013,redacao,resultado,nu_nota_comp3,NU_NOTA_COMP3,NU_NOTA_COMP3,MICRODADOS_ENEM_2013,148,148,Nota da competência 3,raw/microdados_enem_2013/DICIONÁRIO/Dicionário_Microdados_Enem_2013.xlsx,Preservar original; adaptar por edição
2013,redacao,resultado,nu_nota_comp4,NU_NOTA_COMP4,NU_NOTA_COMP4,MICRODADOS_ENEM_2013,149,149,Nota da competência 4,raw/microdados_enem_2013/DICIONÁRIO/Dicionário_Microdados_Enem_2013.xlsx,Preservar original; adaptar por edição
2013,redacao,resultado,nu_nota_comp5,NU_NOTA_COMP5,NU_NOTA_COMP5,MICRODADOS_ENEM_2013,150,150,Nota da competência 5,raw/microdados_enem_2013/DICIONÁRIO/Dicionário_Microdados_Enem_2013.xlsx,Preservar original; adaptar por edição
2013,local_aplicacao,resultado,co_municipio_prova,CO_MUNICIPIO_PROVA,CO_MUNICIPIO_PROVA,MICRODADOS_ENEM_2013,80,84,Código do município da aplicação da prova,raw/microdados_enem_2013/DICIONÁRIO/Dicionário_Microdados_Enem_2013.xlsx,Preservar original; adaptar por edição
2013,local_aplicacao,resultado,no_municipio_prova,NO_MUNICIPIO_PROVA,NO_MUNICIPIO_PROVA,MICRODADOS_ENEM_2013,85,85,Nome do município da aplicação da prova,raw/microdados_enem_2013/DICIONÁRIO/Dicionário_Microdados_Enem_2013.xlsx,Preservar original; adaptar por edição
2013,local_aplicacao,resultado,co_uf_prova,CO_UF_PROVA,CO_UF_PROVA,MICRODADOS_ENEM_2013,86,86,Código da Unidade da Federação da aplicação da prova,raw/microdados_enem_2013/DICIONÁRIO/Dicionário_Microdados_Enem_2013.xlsx,Preservar original; adaptar por edição
2013,local_aplicacao,resultado,sg_uf_prova,SG_UF_PROVA,SG_UF_PROVA,MICRODADOS_ENEM_2013,87,87,Sigla da Unidade da Federação da aplicação da prova,raw/microdados_enem_2013/DICIONÁRIO/Dicionário_Microdados_Enem_2013.xlsx,Preservar original; adaptar por edição
2013,rede,resultado,rede_escolar,TP_DEPENDENCIA_ADM_ESC,TP_DEPENDENCIA_ADM_ESC,MICRODADOS_ENEM_2013,63,66,Dependência administrativa (Escola),raw/microdados_enem_2013/DICIONÁRIO/Dicionário_Microdados_Enem_2013.xlsx,Preservar original; adaptar por edição
2013,renda,perfil,renda_familiar_codigo,Q003,Q003,MICRODADOS_ENEM_2013,171,187,Qual é a renda mensal de sua família? (Some a sua renda com a dos seus familiares),raw/microdados_enem_2013/DICIONÁRIO/Dicionário_Microdados_Enem_2013.xlsx,Preservar original; adaptar por edição
2014,participacao,resultado,presenca_cn,TP_PRESENCA_CN,TP_PRESENCA_CN,MICRODADOS_ENEM_2014,89,91,Presença na prova objetiva de Ciências da Natureza,raw/microdados_enem_2014/DICIONÁRIO/Dicionário_Microdados_Enem_2014.xlsx,Preservar original; adaptar por edição
2014,participacao,resultado,presenca_ch,TP_PRESENCA_CH,TP_PRESENCA_CH,MICRODADOS_ENEM_2014,92,94,Presença na prova objetiva de Ciências Humanas,raw/microdados_enem_2014/DICIONÁRIO/Dicionário_Microdados_Enem_2014.xlsx,Preservar original; adaptar por edição
2014,participacao,resultado,presenca_lc,TP_PRESENCA_LC,TP_PRESENCA_LC,MICRODADOS_ENEM_2014,95,97,Presença na prova objetiva de Linguagens e Códigos,raw/microdados_enem_2014/DICIONÁRIO/Dicionário_Microdados_Enem_2014.xlsx,Preservar original; adaptar por edição
2014,participacao,resultado,presenca_mt,TP_PRESENCA_MT,TP_PRESENCA_MT,MICRODADOS_ENEM_2014,98,100,Presença na prova objetiva de Matemática,raw/microdados_enem_2014/DICIONÁRIO/Dicionário_Microdados_Enem_2014.xlsx,Preservar original; adaptar por edição
2014,objetivas,resultado,nota_cn,NU_NOTA_CN,NU_NOTA_CN,MICRODADOS_ENEM_2014,123,123,Nota da prova de Ciências da Natureza,raw/microdados_enem_2014/DICIONÁRIO/Dicionário_Microdados_Enem_2014.xlsx,Preservar original; adaptar por edição
2014,objetivas,resultado,nota_ch,NU_NOTA_CH,NU_NOTA_CH,MICRODADOS_ENEM_2014,124,124,Nota da prova de Ciências Humanas,raw/microdados_enem_2014/DICIONÁRIO/Dicionário_Microdados_Enem_2014.xlsx,Preservar original; adaptar por edição
2014,objetivas,resultado,nota_lc,NU_NOTA_LC,NU_NOTA_LC,MICRODADOS_ENEM_2014,125,125,Nota da prova de Linguagens e Códigos,raw/microdados_enem_2014/DICIONÁRIO/Dicionário_Microdados_Enem_2014.xlsx,Preservar original; adaptar por edição
2014,objetivas,resultado,nota_mt,NU_NOTA_MT,NU_NOTA_MT,MICRODADOS_ENEM_2014,126,126,Nota da prova de Matemática,raw/microdados_enem_2014/DICIONÁRIO/Dicionário_Microdados_Enem_2014.xlsx,Preservar original; adaptar por edição
2014,redacao,resultado,tp_status_redacao,TP_STATUS_REDACAO,TP_STATUS_REDACAO,MICRODADOS_ENEM_2014,138,147,Situação da redação do participante,raw/microdados_enem_2014/DICIONÁRIO/Dicionário_Microdados_Enem_2014.xlsx,Preservar original; adaptar por edição
2014,redacao,resultado,nu_nota_redacao,NU_NOTA_REDACAO,NU_NOTA_REDACAO,MICRODADOS_ENEM_2014,153,153,Nota da prova de redação,raw/microdados_enem_2014/DICIONÁRIO/Dicionário_Microdados_Enem_2014.xlsx,Preservar original; adaptar por edição
2014,redacao,resultado,nu_nota_comp1,NU_NOTA_COMP1,NU_NOTA_COMP1,MICRODADOS_ENEM_2014,148,148,Nota da competência 1,raw/microdados_enem_2014/DICIONÁRIO/Dicionário_Microdados_Enem_2014.xlsx,Preservar original; adaptar por edição
2014,redacao,resultado,nu_nota_comp2,NU_NOTA_COMP2,NU_NOTA_COMP2,MICRODADOS_ENEM_2014,149,149,Nota da competência 2,raw/microdados_enem_2014/DICIONÁRIO/Dicionário_Microdados_Enem_2014.xlsx,Preservar original; adaptar por edição
2014,redacao,resultado,nu_nota_comp3,NU_NOTA_COMP3,NU_NOTA_COMP3,MICRODADOS_ENEM_2014,150,150,Nota da competência 3,raw/microdados_enem_2014/DICIONÁRIO/Dicionário_Microdados_Enem_2014.xlsx,Preservar original; adaptar por edição
2014,redacao,resultado,nu_nota_comp4,NU_NOTA_COMP4,NU_NOTA_COMP4,MICRODADOS_ENEM_2014,151,151,Nota da competência 4,raw/microdados_enem_2014/DICIONÁRIO/Dicionário_Microdados_Enem_2014.xlsx,Preservar original; adaptar por edição
2014,redacao,resultado,nu_nota_comp5,NU_NOTA_COMP5,NU_NOTA_COMP5,MICRODADOS_ENEM_2014,152,152,Nota da competência 5,raw/microdados_enem_2014/DICIONÁRIO/Dicionário_Microdados_Enem_2014.xlsx,Preservar original; adaptar por edição
2014,local_aplicacao,resultado,co_municipio_prova,CO_MUNICIPIO_PROVA,CO_MUNICIPIO_PROVA,MICRODADOS_ENEM_2014,80,84,Código do município da aplicação da prova,raw/microdados_enem_2014/DICIONÁRIO/Dicionário_Microdados_Enem_2014.xlsx,Preservar original; adaptar por edição
2014,local_aplicacao,resultado,no_municipio_prova,NO_MUNICIPIO_PROVA,NO_MUNICIPIO_PROVA,MICRODADOS_ENEM_2014,85,85,Nome do município da aplicação da prova,raw/microdados_enem_2014/DICIONÁRIO/Dicionário_Microdados_Enem_2014.xlsx,Preservar original; adaptar por edição
2014,local_aplicacao,resultado,co_uf_prova,CO_UF_PROVA,CO_UF_PROVA,MICRODADOS_ENEM_2014,86,86,Código da Unidade da Federação da aplicação da prova,raw/microdados_enem_2014/DICIONÁRIO/Dicionário_Microdados_Enem_2014.xlsx,Preservar original; adaptar por edição
2014,local_aplicacao,resultado,sg_uf_prova,SG_UF_PROVA,SG_UF_PROVA,MICRODADOS_ENEM_2014,87,87,Sigla da Unidade da Federação da aplicação da prova,raw/microdados_enem_2014/DICIONÁRIO/Dicionário_Microdados_Enem_2014.xlsx,Preservar original; adaptar por edição
2014,rede,resultado,rede_escolar,TP_DEPENDENCIA_ADM_ESC,TP_DEPENDENCIA_ADM_ESC,MICRODADOS_ENEM_2014,63,66,Dependência administrativa (Escola),raw/microdados_enem_2014/DICIONÁRIO/Dicionário_Microdados_Enem_2014.xlsx,Preservar original; adaptar por edição
2014,renda,perfil,renda_familiar_codigo,Q003,Q003,MICRODADOS_ENEM_2014,173,189,Qual é a renda mensal de sua família? (Some a sua renda com a dos seus familiares),raw/microdados_enem_2014/DICIONÁRIO/Dicionário_Microdados_Enem_2014.xlsx,Preservar original; adaptar por edição
2015,participacao,resultado,presenca_cn,TP_PRESENCA_CN,TP_PRESENCA_CN,MICRODADOS_ENEM_2015,105,107,Presença na prova objetiva de Ciências da Natureza,raw/microdados_enem_2015/DICIONÁRIO/Dicionário_Microdados_Enem_2015.xlsx,Preservar original; adaptar por edição
2015,participacao,resultado,presenca_ch,TP_PRESENCA_CH,TP_PRESENCA_CH,MICRODADOS_ENEM_2015,108,110,Presença na prova objetiva de Ciências Humanas,raw/microdados_enem_2015/DICIONÁRIO/Dicionário_Microdados_Enem_2015.xlsx,Preservar original; adaptar por edição
2015,participacao,resultado,presenca_lc,TP_PRESENCA_LC,TP_PRESENCA_LC,MICRODADOS_ENEM_2015,111,113,Presença na prova objetiva de Linguagens e Códigos,raw/microdados_enem_2015/DICIONÁRIO/Dicionário_Microdados_Enem_2015.xlsx,Preservar original; adaptar por edição
2015,participacao,resultado,presenca_mt,TP_PRESENCA_MT,TP_PRESENCA_MT,MICRODADOS_ENEM_2015,114,116,Presença na prova objetiva de Matemática,raw/microdados_enem_2015/DICIONÁRIO/Dicionário_Microdados_Enem_2015.xlsx,Preservar original; adaptar por edição
2015,objetivas,resultado,nota_cn,NU_NOTA_CN,NU_NOTA_CN,MICRODADOS_ENEM_2015,153,153,Nota da prova de Ciências da Natureza,raw/microdados_enem_2015/DICIONÁRIO/Dicionário_Microdados_Enem_2015.xlsx,Preservar original; adaptar por edição
2015,objetivas,resultado,nota_ch,NU_NOTA_CH,NU_NOTA_CH,MICRODADOS_ENEM_2015,154,154,Nota da prova de Ciências Humanas,raw/microdados_enem_2015/DICIONÁRIO/Dicionário_Microdados_Enem_2015.xlsx,Preservar original; adaptar por edição
2015,objetivas,resultado,nota_lc,NU_NOTA_LC,NU_NOTA_LC,MICRODADOS_ENEM_2015,155,155,Nota da prova de Linguagens e Códigos,raw/microdados_enem_2015/DICIONÁRIO/Dicionário_Microdados_Enem_2015.xlsx,Preservar original; adaptar por edição
2015,objetivas,resultado,nota_mt,NU_NOTA_MT,NU_NOTA_MT,MICRODADOS_ENEM_2015,156,156,Nota da prova de Matemática,raw/microdados_enem_2015/DICIONÁRIO/Dicionário_Microdados_Enem_2015.xlsx,Preservar original; adaptar por edição
2015,redacao,resultado,tp_status_redacao,TP_STATUS_REDACAO,TP_STATUS_REDACAO,MICRODADOS_ENEM_2015,168,177,Situação da redação do participante,raw/microdados_enem_2015/DICIONÁRIO/Dicionário_Microdados_Enem_2015.xlsx,Preservar original; adaptar por edição
2015,redacao,resultado,nu_nota_redacao,NU_NOTA_REDACAO,NU_NOTA_REDACAO,MICRODADOS_ENEM_2015,183,183,Nota da prova de redação,raw/microdados_enem_2015/DICIONÁRIO/Dicionário_Microdados_Enem_2015.xlsx,Preservar original; adaptar por edição
2015,redacao,resultado,nu_nota_comp1,NU_NOTA_COMP1,NU_NOTA_COMP1,MICRODADOS_ENEM_2015,178,178,Nota da competência 1,raw/microdados_enem_2015/DICIONÁRIO/Dicionário_Microdados_Enem_2015.xlsx,Preservar original; adaptar por edição
2015,redacao,resultado,nu_nota_comp2,NU_NOTA_COMP2,NU_NOTA_COMP2,MICRODADOS_ENEM_2015,179,179,Nota da competência 2,raw/microdados_enem_2015/DICIONÁRIO/Dicionário_Microdados_Enem_2015.xlsx,Preservar original; adaptar por edição
2015,redacao,resultado,nu_nota_comp3,NU_NOTA_COMP3,NU_NOTA_COMP3,MICRODADOS_ENEM_2015,180,180,Nota da competência 3,raw/microdados_enem_2015/DICIONÁRIO/Dicionário_Microdados_Enem_2015.xlsx,Preservar original; adaptar por edição
2015,redacao,resultado,nu_nota_comp4,NU_NOTA_COMP4,NU_NOTA_COMP4,MICRODADOS_ENEM_2015,181,181,Nota da competência 4,raw/microdados_enem_2015/DICIONÁRIO/Dicionário_Microdados_Enem_2015.xlsx,Preservar original; adaptar por edição
2015,redacao,resultado,nu_nota_comp5,NU_NOTA_COMP5,NU_NOTA_COMP5,MICRODADOS_ENEM_2015,182,182,Nota da competência 5,raw/microdados_enem_2015/DICIONÁRIO/Dicionário_Microdados_Enem_2015.xlsx,Preservar original; adaptar por edição
2015,local_aplicacao,resultado,co_municipio_prova,CO_MUNICIPIO_PROVA,CO_MUNICIPIO_PROVA,MICRODADOS_ENEM_2015,96,100,Código do município da aplicação da prova,raw/microdados_enem_2015/DICIONÁRIO/Dicionário_Microdados_Enem_2015.xlsx,Preservar original; adaptar por edição
2015,local_aplicacao,resultado,no_municipio_prova,NO_MUNICIPIO_PROVA,NO_MUNICIPIO_PROVA,MICRODADOS_ENEM_2015,101,101,Nome do município da aplicação da prova,raw/microdados_enem_2015/DICIONÁRIO/Dicionário_Microdados_Enem_2015.xlsx,Preservar original; adaptar por edição
2015,local_aplicacao,resultado,co_uf_prova,CO_UF_PROVA,CO_UF_PROVA,MICRODADOS_ENEM_2015,102,102,Código da Unidade da Federação da aplicação da prova,raw/microdados_enem_2015/DICIONÁRIO/Dicionário_Microdados_Enem_2015.xlsx,Preservar original; adaptar por edição
2015,local_aplicacao,resultado,sg_uf_prova,SG_UF_PROVA,SG_UF_PROVA,MICRODADOS_ENEM_2015,103,103,Sigla da Unidade da Federação da aplicação da prova,raw/microdados_enem_2015/DICIONÁRIO/Dicionário_Microdados_Enem_2015.xlsx,Preservar original; adaptar por edição
2015,rede,resultado,rede_escolar,TP_DEPENDENCIA_ADM_ESC,TP_DEPENDENCIA_ADM_ESC,MICRODADOS_ENEM_2015,79,82,Dependência administrativa (Escola),raw/microdados_enem_2015/DICIONÁRIO/Dicionário_Microdados_Enem_2015.xlsx,Preservar original; adaptar por edição
2015,renda,perfil,renda_familiar_codigo,Q006,Q006,MICRODADOS_ENEM_2015,233,249,Qual é a renda mensal de sua família? (Some a sua renda com a dos seus familiares.),raw/microdados_enem_2015/DICIONÁRIO/Dicionário_Microdados_Enem_2015.xlsx,Preservar original; adaptar por edição
2016,participacao,resultado,presenca_cn,TP_PRESENCA_CN,TP_PRESENCA_CN,MICRODADOS_ENEM_2016,105,107,Presença na prova objetiva de Ciências da Natureza,raw/microdados_enem_2016/DICIONÁRIO/Dicionário_Microdados_Enem_2016.xlsx,Preservar original; adaptar por edição
2016,participacao,resultado,presenca_ch,TP_PRESENCA_CH,TP_PRESENCA_CH,MICRODADOS_ENEM_2016,108,110,Presença na prova objetiva de Ciências Humanas,raw/microdados_enem_2016/DICIONÁRIO/Dicionário_Microdados_Enem_2016.xlsx,Preservar original; adaptar por edição
2016,participacao,resultado,presenca_lc,TP_PRESENCA_LC,TP_PRESENCA_LC,MICRODADOS_ENEM_2016,111,113,Presença na prova objetiva de Linguagens e Códigos,raw/microdados_enem_2016/DICIONÁRIO/Dicionário_Microdados_Enem_2016.xlsx,Preservar original; adaptar por edição
2016,participacao,resultado,presenca_mt,TP_PRESENCA_MT,TP_PRESENCA_MT,MICRODADOS_ENEM_2016,114,116,Presença na prova objetiva de Matemática,raw/microdados_enem_2016/DICIONÁRIO/Dicionário_Microdados_Enem_2016.xlsx,Preservar original; adaptar por edição
2016,objetivas,resultado,nota_cn,NU_NOTA_CN,NU_NOTA_CN,MICRODADOS_ENEM_2016,173,173,Nota da prova de Ciências da Natureza,raw/microdados_enem_2016/DICIONÁRIO/Dicionário_Microdados_Enem_2016.xlsx,Preservar original; adaptar por edição
2016,objetivas,resultado,nota_ch,NU_NOTA_CH,NU_NOTA_CH,MICRODADOS_ENEM_2016,174,174,Nota da prova de Ciências Humanas,raw/microdados_enem_2016/DICIONÁRIO/Dicionário_Microdados_Enem_2016.xlsx,Preservar original; adaptar por edição
2016,objetivas,resultado,nota_lc,NU_NOTA_LC,NU_NOTA_LC,MICRODADOS_ENEM_2016,175,175,Nota da prova de Linguagens e Códigos,raw/microdados_enem_2016/DICIONÁRIO/Dicionário_Microdados_Enem_2016.xlsx,Preservar original; adaptar por edição
2016,objetivas,resultado,nota_mt,NU_NOTA_MT,NU_NOTA_MT,MICRODADOS_ENEM_2016,176,176,Nota da prova de Matemática,raw/microdados_enem_2016/DICIONÁRIO/Dicionário_Microdados_Enem_2016.xlsx,Preservar original; adaptar por edição
2016,redacao,resultado,tp_status_redacao,TP_STATUS_REDACAO,TP_STATUS_REDACAO,MICRODADOS_ENEM_2016,188,196,Situação da redação do participante,raw/microdados_enem_2016/DICIONÁRIO/Dicionário_Microdados_Enem_2016.xlsx,Preservar original; adaptar por edição
2016,redacao,resultado,nu_nota_redacao,NU_NOTA_REDACAO,NU_NOTA_REDACAO,MICRODADOS_ENEM_2016,202,202,Nota da prova de redação,raw/microdados_enem_2016/DICIONÁRIO/Dicionário_Microdados_Enem_2016.xlsx,Preservar original; adaptar por edição
2016,redacao,resultado,nu_nota_comp1,NU_NOTA_COMP1,NU_NOTA_COMP1,MICRODADOS_ENEM_2016,197,197,Nota da competência 1 - Demonstrar domínio da modalidade escrita formal da Língua Portuguesa.,raw/microdados_enem_2016/DICIONÁRIO/Dicionário_Microdados_Enem_2016.xlsx,Preservar original; adaptar por edição
2016,redacao,resultado,nu_nota_comp2,NU_NOTA_COMP2,NU_NOTA_COMP2,MICRODADOS_ENEM_2016,198,198,"Nota da competência 2 - Compreender a proposta de redação e aplicar conceitos das várias áreas de conhecimento para desenvolver o tema, dentro dos limites estruturais do texto dissertativo-argumentativo em prosa.",raw/microdados_enem_2016/DICIONÁRIO/Dicionário_Microdados_Enem_2016.xlsx,Preservar original; adaptar por edição
2016,redacao,resultado,nu_nota_comp3,NU_NOTA_COMP3,NU_NOTA_COMP3,MICRODADOS_ENEM_2016,199,199,"Nota da competência 3 - Selecionar, relacionar, organizar e interpretar informações, fatos, opiniões e argumentos em defesa de um ponto de vista.",raw/microdados_enem_2016/DICIONÁRIO/Dicionário_Microdados_Enem_2016.xlsx,Preservar original; adaptar por edição
2016,redacao,resultado,nu_nota_comp4,NU_NOTA_COMP4,NU_NOTA_COMP4,MICRODADOS_ENEM_2016,200,200,Nota da competência 4 - Demonstrar conhecimento dos mecanismos linguísticos necessários para a construção da argumentação.,raw/microdados_enem_2016/DICIONÁRIO/Dicionário_Microdados_Enem_2016.xlsx,Preservar original; adaptar por edição
2016,redacao,resultado,nu_nota_comp5,NU_NOTA_COMP5,NU_NOTA_COMP5,MICRODADOS_ENEM_2016,201,201,"Nota da competência 5 - Elaborar proposta de intervenção para o problema abordado, respeitando os direitos humanos.",raw/microdados_enem_2016/DICIONÁRIO/Dicionário_Microdados_Enem_2016.xlsx,Preservar original; adaptar por edição
2016,local_aplicacao,resultado,co_municipio_prova,CO_MUNICIPIO_PROVA,CO_MUNICIPIO_PROVA,MICRODADOS_ENEM_2016,96,100,Código do município da aplicação da prova,raw/microdados_enem_2016/DICIONÁRIO/Dicionário_Microdados_Enem_2016.xlsx,Preservar original; adaptar por edição
2016,local_aplicacao,resultado,no_municipio_prova,NO_MUNICIPIO_PROVA,NO_MUNICIPIO_PROVA,MICRODADOS_ENEM_2016,101,101,Nome do município da aplicação da prova,raw/microdados_enem_2016/DICIONÁRIO/Dicionário_Microdados_Enem_2016.xlsx,Preservar original; adaptar por edição
2016,local_aplicacao,resultado,co_uf_prova,CO_UF_PROVA,CO_UF_PROVA,MICRODADOS_ENEM_2016,102,102,Código da Unidade da Federação da aplicação da prova,raw/microdados_enem_2016/DICIONÁRIO/Dicionário_Microdados_Enem_2016.xlsx,Preservar original; adaptar por edição
2016,local_aplicacao,resultado,sg_uf_prova,SG_UF_PROVA,SG_UF_PROVA,MICRODADOS_ENEM_2016,103,103,Sigla da Unidade da Federação da aplicação da prova,raw/microdados_enem_2016/DICIONÁRIO/Dicionário_Microdados_Enem_2016.xlsx,Preservar original; adaptar por edição
2016,rede,resultado,rede_escolar,TP_DEPENDENCIA_ADM_ESC,TP_DEPENDENCIA_ADM_ESC,MICRODADOS_ENEM_2016,79,82,Dependência administrativa (Escola),raw/microdados_enem_2016/DICIONÁRIO/Dicionário_Microdados_Enem_2016.xlsx,Preservar original; adaptar por edição
2016,renda,perfil,renda_familiar_codigo,Q006,Q006,MICRODADOS_ENEM_2016,252,268,Qual é a renda mensal de sua família? (Some a sua renda com a dos seus familiares.),raw/microdados_enem_2016/DICIONÁRIO/Dicionário_Microdados_Enem_2016.xlsx,Preservar original; adaptar por edição
2017,participacao,resultado,presenca_cn,TP_PRESENCA_CN,TP_PRESENCA_CN,MICRODADOS_ENEM_2017,99,101,Presença na prova objetiva de Ciências da Natureza,raw/microdados_enem_2017/DICIONÁRIO/Dicionário_Microdados_Enem_2017.xlsx,Preservar original; adaptar por edição
2017,participacao,resultado,presenca_ch,TP_PRESENCA_CH,TP_PRESENCA_CH,MICRODADOS_ENEM_2017,102,104,Presença na prova objetiva de Ciências Humanas,raw/microdados_enem_2017/DICIONÁRIO/Dicionário_Microdados_Enem_2017.xlsx,Preservar original; adaptar por edição
2017,participacao,resultado,presenca_lc,TP_PRESENCA_LC,TP_PRESENCA_LC,MICRODADOS_ENEM_2017,105,107,Presença na prova objetiva de Linguagens e Códigos,raw/microdados_enem_2017/DICIONÁRIO/Dicionário_Microdados_Enem_2017.xlsx,Preservar original; adaptar por edição
2017,participacao,resultado,presenca_mt,TP_PRESENCA_MT,TP_PRESENCA_MT,MICRODADOS_ENEM_2017,108,110,Presença na prova objetiva de Matemática,raw/microdados_enem_2017/DICIONÁRIO/Dicionário_Microdados_Enem_2017.xlsx,Preservar original; adaptar por edição
2017,objetivas,resultado,nota_cn,NU_NOTA_CN,NU_NOTA_CN,MICRODADOS_ENEM_2017,151,151,Nota da prova de Ciências da Natureza,raw/microdados_enem_2017/DICIONÁRIO/Dicionário_Microdados_Enem_2017.xlsx,Preservar original; adaptar por edição
2017,objetivas,resultado,nota_ch,NU_NOTA_CH,NU_NOTA_CH,MICRODADOS_ENEM_2017,152,152,Nota da prova de Ciências Humanas,raw/microdados_enem_2017/DICIONÁRIO/Dicionário_Microdados_Enem_2017.xlsx,Preservar original; adaptar por edição
2017,objetivas,resultado,nota_lc,NU_NOTA_LC,NU_NOTA_LC,MICRODADOS_ENEM_2017,153,153,Nota da prova de Linguagens e Códigos,raw/microdados_enem_2017/DICIONÁRIO/Dicionário_Microdados_Enem_2017.xlsx,Preservar original; adaptar por edição
2017,objetivas,resultado,nota_mt,NU_NOTA_MT,NU_NOTA_MT,MICRODADOS_ENEM_2017,154,154,Nota da prova de Matemática,raw/microdados_enem_2017/DICIONÁRIO/Dicionário_Microdados_Enem_2017.xlsx,Preservar original; adaptar por edição
2017,redacao,resultado,tp_status_redacao,TP_STATUS_REDACAO,TP_STATUS_REDACAO,MICRODADOS_ENEM_2017,166,173,Situação da redação do participante,raw/microdados_enem_2017/DICIONÁRIO/Dicionário_Microdados_Enem_2017.xlsx,Preservar original; adaptar por edição
2017,redacao,resultado,nu_nota_redacao,NU_NOTA_REDACAO,NU_NOTA_REDACAO,MICRODADOS_ENEM_2017,179,179,Nota da prova de redação,raw/microdados_enem_2017/DICIONÁRIO/Dicionário_Microdados_Enem_2017.xlsx,Preservar original; adaptar por edição
2017,redacao,resultado,nu_nota_comp1,NU_NOTA_COMP1,NU_NOTA_COMP1,MICRODADOS_ENEM_2017,174,174,Nota da competência 1 - Demonstrar domínio da modalidade escrita formal da Língua Portuguesa.,raw/microdados_enem_2017/DICIONÁRIO/Dicionário_Microdados_Enem_2017.xlsx,Preservar original; adaptar por edição
2017,redacao,resultado,nu_nota_comp2,NU_NOTA_COMP2,NU_NOTA_COMP2,MICRODADOS_ENEM_2017,175,175,"Nota da competência 2 - Compreender a proposta de redação e aplicar conceitos das várias áreas de conhecimento para desenvolver o tema, dentro dos limites estruturais do texto dissertativo-argumentativo em prosa.",raw/microdados_enem_2017/DICIONÁRIO/Dicionário_Microdados_Enem_2017.xlsx,Preservar original; adaptar por edição
2017,redacao,resultado,nu_nota_comp3,NU_NOTA_COMP3,NU_NOTA_COMP3,MICRODADOS_ENEM_2017,176,176,"Nota da competência 3 - Selecionar, relacionar, organizar e interpretar informações, fatos, opiniões e argumentos em defesa de um ponto de vista.",raw/microdados_enem_2017/DICIONÁRIO/Dicionário_Microdados_Enem_2017.xlsx,Preservar original; adaptar por edição
2017,redacao,resultado,nu_nota_comp4,NU_NOTA_COMP4,NU_NOTA_COMP4,MICRODADOS_ENEM_2017,177,177,Nota da competência 4 - Demonstrar conhecimento dos mecanismos linguísticos necessários para a construção da argumentação.,raw/microdados_enem_2017/DICIONÁRIO/Dicionário_Microdados_Enem_2017.xlsx,Preservar original; adaptar por edição
2017,redacao,resultado,nu_nota_comp5,NU_NOTA_COMP5,NU_NOTA_COMP5,MICRODADOS_ENEM_2017,178,178,"Nota da competência 5 - Elaborar proposta de intervenção para o problema abordado, respeitando os direitos humanos.",raw/microdados_enem_2017/DICIONÁRIO/Dicionário_Microdados_Enem_2017.xlsx,Preservar original; adaptar por edição
2017,local_aplicacao,resultado,co_municipio_prova,CO_MUNICIPIO_PROVA,CO_MUNICIPIO_PROVA,MICRODADOS_ENEM_2017,90,94,Código do município da aplicação da prova,raw/microdados_enem_2017/DICIONÁRIO/Dicionário_Microdados_Enem_2017.xlsx,Preservar original; adaptar por edição
2017,local_aplicacao,resultado,no_municipio_prova,NO_MUNICIPIO_PROVA,NO_MUNICIPIO_PROVA,MICRODADOS_ENEM_2017,95,95,Nome do município da aplicação da prova,raw/microdados_enem_2017/DICIONÁRIO/Dicionário_Microdados_Enem_2017.xlsx,Preservar original; adaptar por edição
2017,local_aplicacao,resultado,co_uf_prova,CO_UF_PROVA,CO_UF_PROVA,MICRODADOS_ENEM_2017,96,96,Código da Unidade da Federação da aplicação da prova,raw/microdados_enem_2017/DICIONÁRIO/Dicionário_Microdados_Enem_2017.xlsx,Preservar original; adaptar por edição
2017,local_aplicacao,resultado,sg_uf_prova,SG_UF_PROVA,SG_UF_PROVA,MICRODADOS_ENEM_2017,97,97,Sigla da Unidade da Federação da aplicação da prova,raw/microdados_enem_2017/DICIONÁRIO/Dicionário_Microdados_Enem_2017.xlsx,Preservar original; adaptar por edição
2017,rede,resultado,rede_escolar,TP_DEPENDENCIA_ADM_ESC,TP_DEPENDENCIA_ADM_ESC,MICRODADOS_ENEM_2017,80,83,Dependência administrativa (Escola),raw/microdados_enem_2017/DICIONÁRIO/Dicionário_Microdados_Enem_2017.xlsx,Preservar original; adaptar por edição
2017,renda,perfil,renda_familiar_codigo,Q006,Q006,MICRODADOS_ENEM_2017,229,245,Qual é a renda mensal de sua família? (Some a sua renda com a dos seus familiares.),raw/microdados_enem_2017/DICIONÁRIO/Dicionário_Microdados_Enem_2017.xlsx,Preservar original; adaptar por edição
2018,participacao,resultado,presenca_cn,TP_PRESENCA_CN,TP_PRESENCA_CN,MICRODADOS_ENEM_2018,100,102,Presença na prova objetiva de Ciências da Natureza,raw/microdados_enem_2018/DICIONÁRIO/Dicionário_Microdados_Enem_2018.xlsx,Preservar original; adaptar por edição
2018,participacao,resultado,presenca_ch,TP_PRESENCA_CH,TP_PRESENCA_CH,MICRODADOS_ENEM_2018,103,105,Presença na prova objetiva de Ciências Humanas,raw/microdados_enem_2018/DICIONÁRIO/Dicionário_Microdados_Enem_2018.xlsx,Preservar original; adaptar por edição
2018,participacao,resultado,presenca_lc,TP_PRESENCA_LC,TP_PRESENCA_LC,MICRODADOS_ENEM_2018,106,108,Presença na prova objetiva de Linguagens e Códigos,raw/microdados_enem_2018/DICIONÁRIO/Dicionário_Microdados_Enem_2018.xlsx,Preservar original; adaptar por edição
2018,participacao,resultado,presenca_mt,TP_PRESENCA_MT,TP_PRESENCA_MT,MICRODADOS_ENEM_2018,109,111,Presença na prova objetiva de Matemática,raw/microdados_enem_2018/DICIONÁRIO/Dicionário_Microdados_Enem_2018.xlsx,Preservar original; adaptar por edição
2018,objetivas,resultado,nota_cn,NU_NOTA_CN,NU_NOTA_CN,MICRODADOS_ENEM_2018,152,152,Nota da prova de Ciências da Natureza,raw/microdados_enem_2018/DICIONÁRIO/Dicionário_Microdados_Enem_2018.xlsx,Preservar original; adaptar por edição
2018,objetivas,resultado,nota_ch,NU_NOTA_CH,NU_NOTA_CH,MICRODADOS_ENEM_2018,153,153,Nota da prova de Ciências Humanas,raw/microdados_enem_2018/DICIONÁRIO/Dicionário_Microdados_Enem_2018.xlsx,Preservar original; adaptar por edição
2018,objetivas,resultado,nota_lc,NU_NOTA_LC,NU_NOTA_LC,MICRODADOS_ENEM_2018,154,154,Nota da prova de Linguagens e Códigos,raw/microdados_enem_2018/DICIONÁRIO/Dicionário_Microdados_Enem_2018.xlsx,Preservar original; adaptar por edição
2018,objetivas,resultado,nota_mt,NU_NOTA_MT,NU_NOTA_MT,MICRODADOS_ENEM_2018,155,155,Nota da prova de Matemática,raw/microdados_enem_2018/DICIONÁRIO/Dicionário_Microdados_Enem_2018.xlsx,Preservar original; adaptar por edição
2018,redacao,resultado,tp_status_redacao,TP_STATUS_REDACAO,TP_STATUS_REDACAO,MICRODADOS_ENEM_2018,167,174,Situação da redação do participante,raw/microdados_enem_2018/DICIONÁRIO/Dicionário_Microdados_Enem_2018.xlsx,Preservar original; adaptar por edição
2018,redacao,resultado,nu_nota_redacao,NU_NOTA_REDACAO,NU_NOTA_REDACAO,MICRODADOS_ENEM_2018,180,180,Nota da prova de redação,raw/microdados_enem_2018/DICIONÁRIO/Dicionário_Microdados_Enem_2018.xlsx,Preservar original; adaptar por edição
2018,redacao,resultado,nu_nota_comp1,NU_NOTA_COMP1,NU_NOTA_COMP1,MICRODADOS_ENEM_2018,175,175,Nota da competência 1 - Demonstrar domínio da modalidade escrita formal da Língua Portuguesa.,raw/microdados_enem_2018/DICIONÁRIO/Dicionário_Microdados_Enem_2018.xlsx,Preservar original; adaptar por edição
2018,redacao,resultado,nu_nota_comp2,NU_NOTA_COMP2,NU_NOTA_COMP2,MICRODADOS_ENEM_2018,176,176,"Nota da competência 2 - Compreender a proposta de redação e aplicar conceitos das várias áreas de conhecimento para desenvolver o tema, dentro dos limites estruturais do texto dissertativo-argumentativo em prosa.",raw/microdados_enem_2018/DICIONÁRIO/Dicionário_Microdados_Enem_2018.xlsx,Preservar original; adaptar por edição
2018,redacao,resultado,nu_nota_comp3,NU_NOTA_COMP3,NU_NOTA_COMP3,MICRODADOS_ENEM_2018,177,177,"Nota da competência 3 - Selecionar, relacionar, organizar e interpretar informações, fatos, opiniões e argumentos em defesa de um ponto de vista.",raw/microdados_enem_2018/DICIONÁRIO/Dicionário_Microdados_Enem_2018.xlsx,Preservar original; adaptar por edição
2018,redacao,resultado,nu_nota_comp4,NU_NOTA_COMP4,NU_NOTA_COMP4,MICRODADOS_ENEM_2018,178,178,Nota da competência 4 - Demonstrar conhecimento dos mecanismos linguísticos necessários para a construção da argumentação.,raw/microdados_enem_2018/DICIONÁRIO/Dicionário_Microdados_Enem_2018.xlsx,Preservar original; adaptar por edição
2018,redacao,resultado,nu_nota_comp5,NU_NOTA_COMP5,NU_NOTA_COMP5,MICRODADOS_ENEM_2018,179,179,"Nota da competência 5 - Elaborar proposta de intervenção para o problema abordado, respeitando os direitos humanos.",raw/microdados_enem_2018/DICIONÁRIO/Dicionário_Microdados_Enem_2018.xlsx,Preservar original; adaptar por edição
2018,local_aplicacao,resultado,co_municipio_prova,CO_MUNICIPIO_PROVA,CO_MUNICIPIO_PROVA,MICRODADOS_ENEM_2018,91,95,Código do município da aplicação da prova,raw/microdados_enem_2018/DICIONÁRIO/Dicionário_Microdados_Enem_2018.xlsx,Preservar original; adaptar por edição
2018,local_aplicacao,resultado,no_municipio_prova,NO_MUNICIPIO_PROVA,NO_MUNICIPIO_PROVA,MICRODADOS_ENEM_2018,96,96,Nome do município da aplicação da prova,raw/microdados_enem_2018/DICIONÁRIO/Dicionário_Microdados_Enem_2018.xlsx,Preservar original; adaptar por edição
2018,local_aplicacao,resultado,co_uf_prova,CO_UF_PROVA,CO_UF_PROVA,MICRODADOS_ENEM_2018,97,97,Código da Unidade da Federação da aplicação da prova,raw/microdados_enem_2018/DICIONÁRIO/Dicionário_Microdados_Enem_2018.xlsx,Preservar original; adaptar por edição
2018,local_aplicacao,resultado,sg_uf_prova,SG_UF_PROVA,SG_UF_PROVA,MICRODADOS_ENEM_2018,98,98,Sigla da Unidade da Federação da aplicação da prova,raw/microdados_enem_2018/DICIONÁRIO/Dicionário_Microdados_Enem_2018.xlsx,Preservar original; adaptar por edição
2018,rede,resultado,rede_escolar,TP_DEPENDENCIA_ADM_ESC,TP_DEPENDENCIA_ADM_ESC,MICRODADOS_ENEM_2018,80,83,Dependência administrativa (Escola),raw/microdados_enem_2018/DICIONÁRIO/Dicionário_Microdados_Enem_2018.xlsx,Preservar original; adaptar por edição
2018,renda,perfil,renda_familiar_codigo,Q006,Q006,MICRODADOS_ENEM_2018,230,246,Qual é a renda mensal de sua família? (Some a sua renda com a dos seus familiares.),raw/microdados_enem_2018/DICIONÁRIO/Dicionário_Microdados_Enem_2018.xlsx,Preservar original; adaptar por edição
2019,participacao,resultado,presenca_cn,TP_PRESENCA_CN,TP_PRESENCA_CN,MICRODADOS_ENEM_2019,102,104,Presença na prova objetiva de Ciências da Natureza,raw/microdados_enem_2019/DICIONÁRIO/Dicionário_Microdados_Enem_2019.xlsx,Preservar original; adaptar por edição
2019,participacao,resultado,presenca_ch,TP_PRESENCA_CH,TP_PRESENCA_CH,MICRODADOS_ENEM_2019,105,107,Presença na prova objetiva de Ciências Humanas,raw/microdados_enem_2019/DICIONÁRIO/Dicionário_Microdados_Enem_2019.xlsx,Preservar original; adaptar por edição
2019,participacao,resultado,presenca_lc,TP_PRESENCA_LC,TP_PRESENCA_LC,MICRODADOS_ENEM_2019,108,110,Presença na prova objetiva de Linguagens e Códigos,raw/microdados_enem_2019/DICIONÁRIO/Dicionário_Microdados_Enem_2019.xlsx,Preservar original; adaptar por edição
2019,participacao,resultado,presenca_mt,TP_PRESENCA_MT,TP_PRESENCA_MT,MICRODADOS_ENEM_2019,111,113,Presença na prova objetiva de Matemática,raw/microdados_enem_2019/DICIONÁRIO/Dicionário_Microdados_Enem_2019.xlsx,Preservar original; adaptar por edição
2019,objetivas,resultado,nota_cn,NU_NOTA_CN,NU_NOTA_CN,MICRODADOS_ENEM_2019,156,156,Nota da prova de Ciências da Natureza,raw/microdados_enem_2019/DICIONÁRIO/Dicionário_Microdados_Enem_2019.xlsx,Preservar original; adaptar por edição
2019,objetivas,resultado,nota_ch,NU_NOTA_CH,NU_NOTA_CH,MICRODADOS_ENEM_2019,157,157,Nota da prova de Ciências Humanas,raw/microdados_enem_2019/DICIONÁRIO/Dicionário_Microdados_Enem_2019.xlsx,Preservar original; adaptar por edição
2019,objetivas,resultado,nota_lc,NU_NOTA_LC,NU_NOTA_LC,MICRODADOS_ENEM_2019,158,158,Nota da prova de Linguagens e Códigos,raw/microdados_enem_2019/DICIONÁRIO/Dicionário_Microdados_Enem_2019.xlsx,Preservar original; adaptar por edição
2019,objetivas,resultado,nota_mt,NU_NOTA_MT,NU_NOTA_MT,MICRODADOS_ENEM_2019,159,159,Nota da prova de Matemática,raw/microdados_enem_2019/DICIONÁRIO/Dicionário_Microdados_Enem_2019.xlsx,Preservar original; adaptar por edição
2019,redacao,resultado,tp_status_redacao,TP_STATUS_REDACAO,TP_STATUS_REDACAO,MICRODADOS_ENEM_2019,171,178,Situação da redação do participante,raw/microdados_enem_2019/DICIONÁRIO/Dicionário_Microdados_Enem_2019.xlsx,Preservar original; adaptar por edição
2019,redacao,resultado,nu_nota_redacao,NU_NOTA_REDACAO,NU_NOTA_REDACAO,MICRODADOS_ENEM_2019,184,184,Nota da prova de redação,raw/microdados_enem_2019/DICIONÁRIO/Dicionário_Microdados_Enem_2019.xlsx,Preservar original; adaptar por edição
2019,redacao,resultado,nu_nota_comp1,NU_NOTA_COMP1,NU_NOTA_COMP1,MICRODADOS_ENEM_2019,179,179,Nota da competência 1 - Demonstrar domínio da modalidade escrita formal da Língua Portuguesa.,raw/microdados_enem_2019/DICIONÁRIO/Dicionário_Microdados_Enem_2019.xlsx,Preservar original; adaptar por edição
2019,redacao,resultado,nu_nota_comp2,NU_NOTA_COMP2,NU_NOTA_COMP2,MICRODADOS_ENEM_2019,180,180,"Nota da competência 2 - Compreender a proposta de redação e aplicar conceitos das várias áreas de conhecimento para desenvolver o tema, dentro dos limites estruturais do texto dissertativo-argumentativo em prosa.",raw/microdados_enem_2019/DICIONÁRIO/Dicionário_Microdados_Enem_2019.xlsx,Preservar original; adaptar por edição
2019,redacao,resultado,nu_nota_comp3,NU_NOTA_COMP3,NU_NOTA_COMP3,MICRODADOS_ENEM_2019,181,181,"Nota da competência 3 - Selecionar, relacionar, organizar e interpretar informações, fatos, opiniões e argumentos em defesa de um ponto de vista.",raw/microdados_enem_2019/DICIONÁRIO/Dicionário_Microdados_Enem_2019.xlsx,Preservar original; adaptar por edição
2019,redacao,resultado,nu_nota_comp4,NU_NOTA_COMP4,NU_NOTA_COMP4,MICRODADOS_ENEM_2019,182,182,Nota da competência 4 - Demonstrar conhecimento dos mecanismos linguísticos necessários para a construção da argumentação.,raw/microdados_enem_2019/DICIONÁRIO/Dicionário_Microdados_Enem_2019.xlsx,Preservar original; adaptar por edição
2019,redacao,resultado,nu_nota_comp5,NU_NOTA_COMP5,NU_NOTA_COMP5,MICRODADOS_ENEM_2019,183,183,"Nota da competência 5 - Elaborar proposta de intervenção para o problema abordado, respeitando os direitos humanos.",raw/microdados_enem_2019/DICIONÁRIO/Dicionário_Microdados_Enem_2019.xlsx,Preservar original; adaptar por edição
2019,local_aplicacao,resultado,co_municipio_prova,CO_MUNICIPIO_PROVA,CO_MUNICIPIO_PROVA,MICRODADOS_ENEM_2019,93,97,Código do município da aplicação da prova,raw/microdados_enem_2019/DICIONÁRIO/Dicionário_Microdados_Enem_2019.xlsx,Preservar original; adaptar por edição
2019,local_aplicacao,resultado,no_municipio_prova,NO_MUNICIPIO_PROVA,NO_MUNICIPIO_PROVA,MICRODADOS_ENEM_2019,98,98,Nome do município da aplicação da prova,raw/microdados_enem_2019/DICIONÁRIO/Dicionário_Microdados_Enem_2019.xlsx,Preservar original; adaptar por edição
2019,local_aplicacao,resultado,co_uf_prova,CO_UF_PROVA,CO_UF_PROVA,MICRODADOS_ENEM_2019,99,99,Código da Unidade da Federação da aplicação da prova,raw/microdados_enem_2019/DICIONÁRIO/Dicionário_Microdados_Enem_2019.xlsx,Preservar original; adaptar por edição
2019,local_aplicacao,resultado,sg_uf_prova,SG_UF_PROVA,SG_UF_PROVA,MICRODADOS_ENEM_2019,100,100,Sigla da Unidade da Federação da aplicação da prova,raw/microdados_enem_2019/DICIONÁRIO/Dicionário_Microdados_Enem_2019.xlsx,Preservar original; adaptar por edição
2019,rede,resultado,rede_escolar,TP_DEPENDENCIA_ADM_ESC,TP_DEPENDENCIA_ADM_ESC,MICRODADOS_ENEM_2019,82,85,Dependência administrativa (Escola),raw/microdados_enem_2019/DICIONÁRIO/Dicionário_Microdados_Enem_2019.xlsx,Preservar original; adaptar por edição
2019,renda,perfil,renda_familiar_codigo,Q006,Q006,MICRODADOS_ENEM_2019,234,250,Qual é a renda mensal de sua família? (Some a sua renda com a dos seus familiares.),raw/microdados_enem_2019/DICIONÁRIO/Dicionário_Microdados_Enem_2019.xlsx,Preservar original; adaptar por edição
2020,participacao,resultado,presenca_cn,TP_PRESENCA_CN,TP_PRESENCA_CN,MICRODADOS_ENEM_2020,103,105,Presença na prova objetiva de Ciências da Natureza,raw/microdados_enem_2020/DICIONÁRIO/Dicionário_Microdados_Enem_2020.xlsx,Preservar original; adaptar por edição
2020,participacao,resultado,presenca_ch,TP_PRESENCA_CH,TP_PRESENCA_CH,MICRODADOS_ENEM_2020,106,108,Presença na prova objetiva de Ciências Humanas,raw/microdados_enem_2020/DICIONÁRIO/Dicionário_Microdados_Enem_2020.xlsx,Preservar original; adaptar por edição
2020,participacao,resultado,presenca_lc,TP_PRESENCA_LC,TP_PRESENCA_LC,MICRODADOS_ENEM_2020,109,111,Presença na prova objetiva de Linguagens e Códigos,raw/microdados_enem_2020/DICIONÁRIO/Dicionário_Microdados_Enem_2020.xlsx,Preservar original; adaptar por edição
2020,participacao,resultado,presenca_mt,TP_PRESENCA_MT,TP_PRESENCA_MT,MICRODADOS_ENEM_2020,112,114,Presença na prova objetiva de Matemática,raw/microdados_enem_2020/DICIONÁRIO/Dicionário_Microdados_Enem_2020.xlsx,Preservar original; adaptar por edição
2020,objetivas,resultado,nota_cn,NU_NOTA_CN,NU_NOTA_CN,MICRODADOS_ENEM_2020,183,183,Nota da prova de Ciências da Natureza,raw/microdados_enem_2020/DICIONÁRIO/Dicionário_Microdados_Enem_2020.xlsx,Preservar original; adaptar por edição
2020,objetivas,resultado,nota_ch,NU_NOTA_CH,NU_NOTA_CH,MICRODADOS_ENEM_2020,184,184,Nota da prova de Ciências Humanas,raw/microdados_enem_2020/DICIONÁRIO/Dicionário_Microdados_Enem_2020.xlsx,Preservar original; adaptar por edição
2020,objetivas,resultado,nota_lc,NU_NOTA_LC,NU_NOTA_LC,MICRODADOS_ENEM_2020,185,185,Nota da prova de Linguagens e Códigos,raw/microdados_enem_2020/DICIONÁRIO/Dicionário_Microdados_Enem_2020.xlsx,Preservar original; adaptar por edição
2020,objetivas,resultado,nota_mt,NU_NOTA_MT,NU_NOTA_MT,MICRODADOS_ENEM_2020,186,186,Nota da prova de Matemática,raw/microdados_enem_2020/DICIONÁRIO/Dicionário_Microdados_Enem_2020.xlsx,Preservar original; adaptar por edição
2020,redacao,resultado,tp_status_redacao,TP_STATUS_REDACAO,TP_STATUS_REDACAO,MICRODADOS_ENEM_2020,198,205,Situação da redação do participante,raw/microdados_enem_2020/DICIONÁRIO/Dicionário_Microdados_Enem_2020.xlsx,Preservar original; adaptar por edição
2020,redacao,resultado,nu_nota_redacao,NU_NOTA_REDACAO,NU_NOTA_REDACAO,MICRODADOS_ENEM_2020,211,211,Nota da prova de redação,raw/microdados_enem_2020/DICIONÁRIO/Dicionário_Microdados_Enem_2020.xlsx,Preservar original; adaptar por edição
2020,redacao,resultado,nu_nota_comp1,NU_NOTA_COMP1,NU_NOTA_COMP1,MICRODADOS_ENEM_2020,206,206,Nota da competência 1 - Demonstrar domínio da modalidade escrita formal da Língua Portuguesa.,raw/microdados_enem_2020/DICIONÁRIO/Dicionário_Microdados_Enem_2020.xlsx,Preservar original; adaptar por edição
2020,redacao,resultado,nu_nota_comp2,NU_NOTA_COMP2,NU_NOTA_COMP2,MICRODADOS_ENEM_2020,207,207,"Nota da competência 2 - Compreender a proposta de redação e aplicar conceitos das várias áreas de conhecimento para desenvolver o tema, dentro dos limites estruturais do texto dissertativo-argumentativo em prosa.",raw/microdados_enem_2020/DICIONÁRIO/Dicionário_Microdados_Enem_2020.xlsx,Preservar original; adaptar por edição
2020,redacao,resultado,nu_nota_comp3,NU_NOTA_COMP3,NU_NOTA_COMP3,MICRODADOS_ENEM_2020,208,208,"Nota da competência 3 - Selecionar, relacionar, organizar e interpretar informações, fatos, opiniões e argumentos em defesa de um ponto de vista.",raw/microdados_enem_2020/DICIONÁRIO/Dicionário_Microdados_Enem_2020.xlsx,Preservar original; adaptar por edição
2020,redacao,resultado,nu_nota_comp4,NU_NOTA_COMP4,NU_NOTA_COMP4,MICRODADOS_ENEM_2020,209,209,Nota da competência 4 - Demonstrar conhecimento dos mecanismos linguísticos necessários para a construção da argumentação.,raw/microdados_enem_2020/DICIONÁRIO/Dicionário_Microdados_Enem_2020.xlsx,Preservar original; adaptar por edição
2020,redacao,resultado,nu_nota_comp5,NU_NOTA_COMP5,NU_NOTA_COMP5,MICRODADOS_ENEM_2020,210,210,"Nota da competência 5 - Elaborar proposta de intervenção para o problema abordado, respeitando os direitos humanos.",raw/microdados_enem_2020/DICIONÁRIO/Dicionário_Microdados_Enem_2020.xlsx,Preservar original; adaptar por edição
2020,local_aplicacao,resultado,co_municipio_prova,CO_MUNICIPIO_PROVA,CO_MUNICIPIO_PROVA,MICRODADOS_ENEM_2020,94,98,Código do município da aplicação da prova,raw/microdados_enem_2020/DICIONÁRIO/Dicionário_Microdados_Enem_2020.xlsx,Preservar original; adaptar por edição
2020,local_aplicacao,resultado,no_municipio_prova,NO_MUNICIPIO_PROVA,NO_MUNICIPIO_PROVA,MICRODADOS_ENEM_2020,99,99,Nome do município da aplicação da prova,raw/microdados_enem_2020/DICIONÁRIO/Dicionário_Microdados_Enem_2020.xlsx,Preservar original; adaptar por edição
2020,local_aplicacao,resultado,co_uf_prova,CO_UF_PROVA,CO_UF_PROVA,MICRODADOS_ENEM_2020,100,100,Código da Unidade da Federação da aplicação da prova,raw/microdados_enem_2020/DICIONÁRIO/Dicionário_Microdados_Enem_2020.xlsx,Preservar original; adaptar por edição
2020,local_aplicacao,resultado,sg_uf_prova,SG_UF_PROVA,SG_UF_PROVA,MICRODADOS_ENEM_2020,101,101,Sigla da Unidade da Federação da aplicação da prova,raw/microdados_enem_2020/DICIONÁRIO/Dicionário_Microdados_Enem_2020.xlsx,Preservar original; adaptar por edição
2020,rede,resultado,rede_escolar,TP_DEPENDENCIA_ADM_ESC,TP_DEPENDENCIA_ADM_ESC,MICRODADOS_ENEM_2020,83,86,Dependência administrativa (Escola),raw/microdados_enem_2020/DICIONÁRIO/Dicionário_Microdados_Enem_2020.xlsx,Preservar original; adaptar por edição
2020,renda,perfil,renda_familiar_codigo,Q006,Q006,MICRODADOS_ENEM_2020,261,277,Qual é a renda mensal de sua família? (Some a sua renda com a dos seus familiares.),raw/microdados_enem_2020/DICIONÁRIO/Dicionário_Microdados_Enem_2020.xlsx,Preservar original; adaptar por edição
2021,participacao,resultado,presenca_cn,TP_PRESENCA_CN,TP_PRESENCA_CN,MICRODADOS_ENEM_2021,103,105,Presença na prova objetiva de Ciências da Natureza,raw/microdados_enem_2021/DICIONÁRIO/Dicionário_Microdados_Enem_2021.xlsx,Preservar original; adaptar por edição
2021,participacao,resultado,presenca_ch,TP_PRESENCA_CH,TP_PRESENCA_CH,MICRODADOS_ENEM_2021,106,108,Presença na prova objetiva de Ciências Humanas,raw/microdados_enem_2021/DICIONÁRIO/Dicionário_Microdados_Enem_2021.xlsx,Preservar original; adaptar por edição
2021,participacao,resultado,presenca_lc,TP_PRESENCA_LC,TP_PRESENCA_LC,MICRODADOS_ENEM_2021,109,111,Presença na prova objetiva de Linguagens e Códigos,raw/microdados_enem_2021/DICIONÁRIO/Dicionário_Microdados_Enem_2021.xlsx,Preservar original; adaptar por edição
2021,participacao,resultado,presenca_mt,TP_PRESENCA_MT,TP_PRESENCA_MT,MICRODADOS_ENEM_2021,112,114,Presença na prova objetiva de Matemática,raw/microdados_enem_2021/DICIONÁRIO/Dicionário_Microdados_Enem_2021.xlsx,Preservar original; adaptar por edição
2021,objetivas,resultado,nota_cn,NU_NOTA_CN,NU_NOTA_CN,MICRODADOS_ENEM_2021,199,199,Nota da prova de Ciências da Natureza,raw/microdados_enem_2021/DICIONÁRIO/Dicionário_Microdados_Enem_2021.xlsx,Preservar original; adaptar por edição
2021,objetivas,resultado,nota_ch,NU_NOTA_CH,NU_NOTA_CH,MICRODADOS_ENEM_2021,200,200,Nota da prova de Ciências Humanas,raw/microdados_enem_2021/DICIONÁRIO/Dicionário_Microdados_Enem_2021.xlsx,Preservar original; adaptar por edição
2021,objetivas,resultado,nota_lc,NU_NOTA_LC,NU_NOTA_LC,MICRODADOS_ENEM_2021,201,201,Nota da prova de Linguagens e Códigos,raw/microdados_enem_2021/DICIONÁRIO/Dicionário_Microdados_Enem_2021.xlsx,Preservar original; adaptar por edição
2021,objetivas,resultado,nota_mt,NU_NOTA_MT,NU_NOTA_MT,MICRODADOS_ENEM_2021,202,202,Nota da prova de Matemática,raw/microdados_enem_2021/DICIONÁRIO/Dicionário_Microdados_Enem_2021.xlsx,Preservar original; adaptar por edição
2021,redacao,resultado,tp_status_redacao,TP_STATUS_REDACAO,TP_STATUS_REDACAO,MICRODADOS_ENEM_2021,214,221,Situação da redação do participante,raw/microdados_enem_2021/DICIONÁRIO/Dicionário_Microdados_Enem_2021.xlsx,Preservar original; adaptar por edição
2021,redacao,resultado,nu_nota_redacao,NU_NOTA_REDACAO,NU_NOTA_REDACAO,MICRODADOS_ENEM_2021,227,227,Nota da prova de redação,raw/microdados_enem_2021/DICIONÁRIO/Dicionário_Microdados_Enem_2021.xlsx,Preservar original; adaptar por edição
2021,redacao,resultado,nu_nota_comp1,NU_NOTA_COMP1,NU_NOTA_COMP1,MICRODADOS_ENEM_2021,222,222,Nota da competência 1 - Demonstrar domínio da modalidade escrita formal da Língua Portuguesa.,raw/microdados_enem_2021/DICIONÁRIO/Dicionário_Microdados_Enem_2021.xlsx,Preservar original; adaptar por edição
2021,redacao,resultado,nu_nota_comp2,NU_NOTA_COMP2,NU_NOTA_COMP2,MICRODADOS_ENEM_2021,223,223,"Nota da competência 2 - Compreender a proposta de redação e aplicar conceitos das várias áreas de conhecimento para desenvolver o tema, dentro dos limites estruturais do texto dissertativo-argumentativo em prosa.",raw/microdados_enem_2021/DICIONÁRIO/Dicionário_Microdados_Enem_2021.xlsx,Preservar original; adaptar por edição
2021,redacao,resultado,nu_nota_comp3,NU_NOTA_COMP3,NU_NOTA_COMP3,MICRODADOS_ENEM_2021,224,224,"Nota da competência 3 - Selecionar, relacionar, organizar e interpretar informações, fatos, opiniões e argumentos em defesa de um ponto de vista.",raw/microdados_enem_2021/DICIONÁRIO/Dicionário_Microdados_Enem_2021.xlsx,Preservar original; adaptar por edição
2021,redacao,resultado,nu_nota_comp4,NU_NOTA_COMP4,NU_NOTA_COMP4,MICRODADOS_ENEM_2021,225,225,Nota da competência 4 - Demonstrar conhecimento dos mecanismos linguísticos necessários para a construção da argumentação.,raw/microdados_enem_2021/DICIONÁRIO/Dicionário_Microdados_Enem_2021.xlsx,Preservar original; adaptar por edição
2021,redacao,resultado,nu_nota_comp5,NU_NOTA_COMP5,NU_NOTA_COMP5,MICRODADOS_ENEM_2021,226,226,"Nota da competência 5 - Elaborar proposta de intervenção para o problema abordado, respeitando os direitos humanos.",raw/microdados_enem_2021/DICIONÁRIO/Dicionário_Microdados_Enem_2021.xlsx,Preservar original; adaptar por edição
2021,local_aplicacao,resultado,co_municipio_prova,CO_MUNICIPIO_PROVA,CO_MUNICIPIO_PROVA,MICRODADOS_ENEM_2021,94,98,Código do município da aplicação da prova,raw/microdados_enem_2021/DICIONÁRIO/Dicionário_Microdados_Enem_2021.xlsx,Preservar original; adaptar por edição
2021,local_aplicacao,resultado,no_municipio_prova,NO_MUNICIPIO_PROVA,NO_MUNICIPIO_PROVA,MICRODADOS_ENEM_2021,99,99,Nome do município da aplicação da prova,raw/microdados_enem_2021/DICIONÁRIO/Dicionário_Microdados_Enem_2021.xlsx,Preservar original; adaptar por edição
2021,local_aplicacao,resultado,co_uf_prova,CO_UF_PROVA,CO_UF_PROVA,MICRODADOS_ENEM_2021,100,100,Código da Unidade da Federação da aplicação da prova,raw/microdados_enem_2021/DICIONÁRIO/Dicionário_Microdados_Enem_2021.xlsx,Preservar original; adaptar por edição
2021,local_aplicacao,resultado,sg_uf_prova,SG_UF_PROVA,SG_UF_PROVA,MICRODADOS_ENEM_2021,101,101,Sigla da Unidade da Federação da aplicação da prova,raw/microdados_enem_2021/DICIONÁRIO/Dicionário_Microdados_Enem_2021.xlsx,Preservar original; adaptar por edição
2021,rede,resultado,rede_escolar,TP_DEPENDENCIA_ADM_ESC,TP_DEPENDENCIA_ADM_ESC,MICRODADOS_ENEM_2021,83,86,Dependência administrativa (Escola),raw/microdados_enem_2021/DICIONÁRIO/Dicionário_Microdados_Enem_2021.xlsx,Preservar original; adaptar por edição
2021,renda,perfil,renda_familiar_codigo,Q006,Q006,MICRODADOS_ENEM_2021,277,293,Qual é a renda mensal de sua família? (Some a sua renda com a dos seus familiares.),raw/microdados_enem_2021/DICIONÁRIO/Dicionário_Microdados_Enem_2021.xlsx,Preservar original; adaptar por edição
2022,participacao,resultado,presenca_cn,TP_PRESENCA_CN,TP_PRESENCA_CN,MICRODADOS_ENEM_2022,104,106,Presença na prova objetiva de Ciências da Natureza,raw/microdados_enem_2022/DICIONÁRIO/Dicionário_Microdados_Enem_2022.xlsx,Preservar original; adaptar por edição
2022,participacao,resultado,presenca_ch,TP_PRESENCA_CH,TP_PRESENCA_CH,MICRODADOS_ENEM_2022,107,109,Presença na prova objetiva de Ciências Humanas,raw/microdados_enem_2022/DICIONÁRIO/Dicionário_Microdados_Enem_2022.xlsx,Preservar original; adaptar por edição
2022,participacao,resultado,presenca_lc,TP_PRESENCA_LC,TP_PRESENCA_LC,MICRODADOS_ENEM_2022,110,112,Presença na prova objetiva de Linguagens e Códigos,raw/microdados_enem_2022/DICIONÁRIO/Dicionário_Microdados_Enem_2022.xlsx,Preservar original; adaptar por edição
2022,participacao,resultado,presenca_mt,TP_PRESENCA_MT,TP_PRESENCA_MT,MICRODADOS_ENEM_2022,113,115,Presença na prova objetiva de Matemática,raw/microdados_enem_2022/DICIONÁRIO/Dicionário_Microdados_Enem_2022.xlsx,Preservar original; adaptar por edição
2022,objetivas,resultado,nota_cn,NU_NOTA_CN,NU_NOTA_CN,MICRODADOS_ENEM_2022,172,172,Nota da prova de Ciências da Natureza,raw/microdados_enem_2022/DICIONÁRIO/Dicionário_Microdados_Enem_2022.xlsx,Preservar original; adaptar por edição
2022,objetivas,resultado,nota_ch,NU_NOTA_CH,NU_NOTA_CH,MICRODADOS_ENEM_2022,173,173,Nota da prova de Ciências Humanas,raw/microdados_enem_2022/DICIONÁRIO/Dicionário_Microdados_Enem_2022.xlsx,Preservar original; adaptar por edição
2022,objetivas,resultado,nota_lc,NU_NOTA_LC,NU_NOTA_LC,MICRODADOS_ENEM_2022,174,174,Nota da prova de Linguagens e Códigos,raw/microdados_enem_2022/DICIONÁRIO/Dicionário_Microdados_Enem_2022.xlsx,Preservar original; adaptar por edição
2022,objetivas,resultado,nota_mt,NU_NOTA_MT,NU_NOTA_MT,MICRODADOS_ENEM_2022,175,175,Nota da prova de Matemática,raw/microdados_enem_2022/DICIONÁRIO/Dicionário_Microdados_Enem_2022.xlsx,Preservar original; adaptar por edição
2022,redacao,resultado,tp_status_redacao,TP_STATUS_REDACAO,TP_STATUS_REDACAO,MICRODADOS_ENEM_2022,187,194,Situação da redação do participante,raw/microdados_enem_2022/DICIONÁRIO/Dicionário_Microdados_Enem_2022.xlsx,Preservar original; adaptar por edição
2022,redacao,resultado,nu_nota_redacao,NU_NOTA_REDACAO,NU_NOTA_REDACAO,MICRODADOS_ENEM_2022,200,200,Nota da prova de redação,raw/microdados_enem_2022/DICIONÁRIO/Dicionário_Microdados_Enem_2022.xlsx,Preservar original; adaptar por edição
2022,redacao,resultado,nu_nota_comp1,NU_NOTA_COMP1,NU_NOTA_COMP1,MICRODADOS_ENEM_2022,195,195,Nota da competência 1 - Demonstrar domínio da modalidade escrita formal da Língua Portuguesa.,raw/microdados_enem_2022/DICIONÁRIO/Dicionário_Microdados_Enem_2022.xlsx,Preservar original; adaptar por edição
2022,redacao,resultado,nu_nota_comp2,NU_NOTA_COMP2,NU_NOTA_COMP2,MICRODADOS_ENEM_2022,196,196,"Nota da competência 2 - Compreender a proposta de redação e aplicar conceitos das várias áreas de conhecimento para desenvolver o tema, dentro dos limites estruturais do texto dissertativo-argumentativo em prosa.",raw/microdados_enem_2022/DICIONÁRIO/Dicionário_Microdados_Enem_2022.xlsx,Preservar original; adaptar por edição
2022,redacao,resultado,nu_nota_comp3,NU_NOTA_COMP3,NU_NOTA_COMP3,MICRODADOS_ENEM_2022,197,197,"Nota da competência 3 - Selecionar, relacionar, organizar e interpretar informações, fatos, opiniões e argumentos em defesa de um ponto de vista.",raw/microdados_enem_2022/DICIONÁRIO/Dicionário_Microdados_Enem_2022.xlsx,Preservar original; adaptar por edição
2022,redacao,resultado,nu_nota_comp4,NU_NOTA_COMP4,NU_NOTA_COMP4,MICRODADOS_ENEM_2022,198,198,Nota da competência 4 - Demonstrar conhecimento dos mecanismos linguísticos necessários para a construção da argumentação.,raw/microdados_enem_2022/DICIONÁRIO/Dicionário_Microdados_Enem_2022.xlsx,Preservar original; adaptar por edição
2022,redacao,resultado,nu_nota_comp5,NU_NOTA_COMP5,NU_NOTA_COMP5,MICRODADOS_ENEM_2022,199,199,"Nota da competência 5 - Elaborar proposta de intervenção para o problema abordado, respeitando os direitos humanos.",raw/microdados_enem_2022/DICIONÁRIO/Dicionário_Microdados_Enem_2022.xlsx,Preservar original; adaptar por edição
2022,local_aplicacao,resultado,co_municipio_prova,CO_MUNICIPIO_PROVA,CO_MUNICIPIO_PROVA,MICRODADOS_ENEM_2022,95,99,Código do município da aplicação da prova,raw/microdados_enem_2022/DICIONÁRIO/Dicionário_Microdados_Enem_2022.xlsx,Preservar original; adaptar por edição
2022,local_aplicacao,resultado,no_municipio_prova,NO_MUNICIPIO_PROVA,NO_MUNICIPIO_PROVA,MICRODADOS_ENEM_2022,100,100,Nome do município da aplicação da prova,raw/microdados_enem_2022/DICIONÁRIO/Dicionário_Microdados_Enem_2022.xlsx,Preservar original; adaptar por edição
2022,local_aplicacao,resultado,co_uf_prova,CO_UF_PROVA,CO_UF_PROVA,MICRODADOS_ENEM_2022,101,101,Código da Unidade da Federação da aplicação da prova,raw/microdados_enem_2022/DICIONÁRIO/Dicionário_Microdados_Enem_2022.xlsx,Preservar original; adaptar por edição
2022,local_aplicacao,resultado,sg_uf_prova,SG_UF_PROVA,SG_UF_PROVA,MICRODADOS_ENEM_2022,102,102,Sigla da Unidade da Federação da aplicação da prova,raw/microdados_enem_2022/DICIONÁRIO/Dicionário_Microdados_Enem_2022.xlsx,Preservar original; adaptar por edição
2022,rede,resultado,rede_escolar,TP_DEPENDENCIA_ADM_ESC,TP_DEPENDENCIA_ADM_ESC,MICRODADOS_ENEM_2022,84,87,Dependência administrativa (Escola),raw/microdados_enem_2022/DICIONÁRIO/Dicionário_Microdados_Enem_2022.xlsx,Preservar original; adaptar por edição
2022,renda,perfil,renda_familiar_codigo,Q006,Q006,MICRODADOS_ENEM_2022,250,266,Qual é a renda mensal de sua família? (Some a sua renda com a dos seus familiares.),raw/microdados_enem_2022/DICIONÁRIO/Dicionário_Microdados_Enem_2022.xlsx,Preservar original; adaptar por edição
2023,participacao,resultado,presenca_cn,TP_PRESENCA_CN,TP_PRESENCA_CN,MICRODADOS_ENEM_2023,105,107,Presença na prova objetiva de Ciências da Natureza,raw/microdados_enem_2023/microdados_enem_2023/DICIONÁRIO/Dicionário_Microdados_Enem_2023.xlsx,Preservar original; adaptar por edição
2023,participacao,resultado,presenca_ch,TP_PRESENCA_CH,TP_PRESENCA_CH,MICRODADOS_ENEM_2023,108,110,Presença na prova objetiva de Ciências Humanas,raw/microdados_enem_2023/microdados_enem_2023/DICIONÁRIO/Dicionário_Microdados_Enem_2023.xlsx,Preservar original; adaptar por edição
2023,participacao,resultado,presenca_lc,TP_PRESENCA_LC,TP_PRESENCA_LC,MICRODADOS_ENEM_2023,111,113,Presença na prova objetiva de Linguagens e Códigos,raw/microdados_enem_2023/microdados_enem_2023/DICIONÁRIO/Dicionário_Microdados_Enem_2023.xlsx,Preservar original; adaptar por edição
2023,participacao,resultado,presenca_mt,TP_PRESENCA_MT,TP_PRESENCA_MT,MICRODADOS_ENEM_2023,114,116,Presença na prova objetiva de Matemática,raw/microdados_enem_2023/microdados_enem_2023/DICIONÁRIO/Dicionário_Microdados_Enem_2023.xlsx,Preservar original; adaptar por edição
2023,objetivas,resultado,nota_cn,NU_NOTA_CN,NU_NOTA_CN,MICRODADOS_ENEM_2023,169,169,Nota da prova de Ciências da Natureza,raw/microdados_enem_2023/microdados_enem_2023/DICIONÁRIO/Dicionário_Microdados_Enem_2023.xlsx,Preservar original; adaptar por edição
2023,objetivas,resultado,nota_ch,NU_NOTA_CH,NU_NOTA_CH,MICRODADOS_ENEM_2023,170,170,Nota da prova de Ciências Humanas,raw/microdados_enem_2023/microdados_enem_2023/DICIONÁRIO/Dicionário_Microdados_Enem_2023.xlsx,Preservar original; adaptar por edição
2023,objetivas,resultado,nota_lc,NU_NOTA_LC,NU_NOTA_LC,MICRODADOS_ENEM_2023,171,171,Nota da prova de Linguagens e Códigos,raw/microdados_enem_2023/microdados_enem_2023/DICIONÁRIO/Dicionário_Microdados_Enem_2023.xlsx,Preservar original; adaptar por edição
2023,objetivas,resultado,nota_mt,NU_NOTA_MT,NU_NOTA_MT,MICRODADOS_ENEM_2023,172,172,Nota da prova de Matemática,raw/microdados_enem_2023/microdados_enem_2023/DICIONÁRIO/Dicionário_Microdados_Enem_2023.xlsx,Preservar original; adaptar por edição
2023,redacao,resultado,tp_status_redacao,TP_STATUS_REDACAO,TP_STATUS_REDACAO,MICRODADOS_ENEM_2023,184,191,Situação da redação do participante,raw/microdados_enem_2023/microdados_enem_2023/DICIONÁRIO/Dicionário_Microdados_Enem_2023.xlsx,Preservar original; adaptar por edição
2023,redacao,resultado,nu_nota_redacao,NU_NOTA_REDACAO,NU_NOTA_REDACAO,MICRODADOS_ENEM_2023,197,197,Nota da prova de redação,raw/microdados_enem_2023/microdados_enem_2023/DICIONÁRIO/Dicionário_Microdados_Enem_2023.xlsx,Preservar original; adaptar por edição
2023,redacao,resultado,nu_nota_comp1,NU_NOTA_COMP1,NU_NOTA_COMP1,MICRODADOS_ENEM_2023,192,192,Nota da competência 1 - Demonstrar domínio da modalidade escrita formal da Língua Portuguesa.,raw/microdados_enem_2023/microdados_enem_2023/DICIONÁRIO/Dicionário_Microdados_Enem_2023.xlsx,Preservar original; adaptar por edição
2023,redacao,resultado,nu_nota_comp2,NU_NOTA_COMP2,NU_NOTA_COMP2,MICRODADOS_ENEM_2023,193,193,"Nota da competência 2 - Compreender a proposta de redação e aplicar conceitos das várias áreas de conhecimento para desenvolver o tema, dentro dos limites estruturais do texto dissertativo-argumentativo em prosa.",raw/microdados_enem_2023/microdados_enem_2023/DICIONÁRIO/Dicionário_Microdados_Enem_2023.xlsx,Preservar original; adaptar por edição
2023,redacao,resultado,nu_nota_comp3,NU_NOTA_COMP3,NU_NOTA_COMP3,MICRODADOS_ENEM_2023,194,194,"Nota da competência 3 - Selecionar, relacionar, organizar e interpretar informações, fatos, opiniões e argumentos em defesa de um ponto de vista.",raw/microdados_enem_2023/microdados_enem_2023/DICIONÁRIO/Dicionário_Microdados_Enem_2023.xlsx,Preservar original; adaptar por edição
2023,redacao,resultado,nu_nota_comp4,NU_NOTA_COMP4,NU_NOTA_COMP4,MICRODADOS_ENEM_2023,195,195,Nota da competência 4 - Demonstrar conhecimento dos mecanismos linguísticos necessários para a construção da argumentação.,raw/microdados_enem_2023/microdados_enem_2023/DICIONÁRIO/Dicionário_Microdados_Enem_2023.xlsx,Preservar original; adaptar por edição
2023,redacao,resultado,nu_nota_comp5,NU_NOTA_COMP5,NU_NOTA_COMP5,MICRODADOS_ENEM_2023,196,196,"Nota da competência 5 - Elaborar proposta de intervenção para o problema abordado, respeitando os direitos humanos.",raw/microdados_enem_2023/microdados_enem_2023/DICIONÁRIO/Dicionário_Microdados_Enem_2023.xlsx,Preservar original; adaptar por edição
2023,local_aplicacao,resultado,co_municipio_prova,CO_MUNICIPIO_PROVA,CO_MUNICIPIO_PROVA,MICRODADOS_ENEM_2023,96,100,Código do município da aplicação da prova,raw/microdados_enem_2023/microdados_enem_2023/DICIONÁRIO/Dicionário_Microdados_Enem_2023.xlsx,Preservar original; adaptar por edição
2023,local_aplicacao,resultado,no_municipio_prova,NO_MUNICIPIO_PROVA,NO_MUNICIPIO_PROVA,MICRODADOS_ENEM_2023,101,101,Nome do município da aplicação da prova,raw/microdados_enem_2023/microdados_enem_2023/DICIONÁRIO/Dicionário_Microdados_Enem_2023.xlsx,Preservar original; adaptar por edição
2023,local_aplicacao,resultado,co_uf_prova,CO_UF_PROVA,CO_UF_PROVA,MICRODADOS_ENEM_2023,102,102,Código da Unidade da Federação da aplicação da prova,raw/microdados_enem_2023/microdados_enem_2023/DICIONÁRIO/Dicionário_Microdados_Enem_2023.xlsx,Preservar original; adaptar por edição
2023,local_aplicacao,resultado,sg_uf_prova,SG_UF_PROVA,SG_UF_PROVA,MICRODADOS_ENEM_2023,103,103,Sigla da Unidade da Federação da aplicação da prova,raw/microdados_enem_2023/microdados_enem_2023/DICIONÁRIO/Dicionário_Microdados_Enem_2023.xlsx,Preservar original; adaptar por edição
2023,rede,resultado,rede_escolar,TP_DEPENDENCIA_ADM_ESC,TP_DEPENDENCIA_ADM_ESC,MICRODADOS_ENEM_2023,85,88,Dependência administrativa (Escola),raw/microdados_enem_2023/microdados_enem_2023/DICIONÁRIO/Dicionário_Microdados_Enem_2023.xlsx,Preservar original; adaptar por edição
2023,renda,perfil,renda_familiar_codigo,Q006,Q006,MICRODADOS_ENEM_2023,247,263,Qual é a renda mensal de sua família? (Some a sua renda com a dos seus familiares.),raw/microdados_enem_2023/microdados_enem_2023/DICIONÁRIO/Dicionário_Microdados_Enem_2023.xlsx,Preservar original; adaptar por edição
2024,participacao,resultado,presenca_cn,TP_PRESENCA_CN,TP_PRESENCA_CN,RESULTADOS_2024,38,40,Presença na prova objetiva de Ciências da Natureza,raw/microdados_enem_2024/microdados_enem_2024/DICIONÁRIO/Dicionário_Microdados_Enem_2024.xlsx,Preservar original; adaptar por edição
2024,participacao,resultado,presenca_ch,TP_PRESENCA_CH,TP_PRESENCA_CH,RESULTADOS_2024,41,43,Presença na prova objetiva de Ciências Humanas,raw/microdados_enem_2024/microdados_enem_2024/DICIONÁRIO/Dicionário_Microdados_Enem_2024.xlsx,Preservar original; adaptar por edição
2024,participacao,resultado,presenca_lc,TP_PRESENCA_LC,TP_PRESENCA_LC,RESULTADOS_2024,44,46,Presença na prova objetiva de Linguagens e Códigos,raw/microdados_enem_2024/microdados_enem_2024/DICIONÁRIO/Dicionário_Microdados_Enem_2024.xlsx,Preservar original; adaptar por edição
2024,participacao,resultado,presenca_mt,TP_PRESENCA_MT,TP_PRESENCA_MT,RESULTADOS_2024,47,49,Presença na prova objetiva de Matemática,raw/microdados_enem_2024/microdados_enem_2024/DICIONÁRIO/Dicionário_Microdados_Enem_2024.xlsx,Preservar original; adaptar por edição
2024,objetivas,resultado,nota_cn,NU_NOTA_CN,NU_NOTA_CN,RESULTADOS_2024,116,116,Nota da prova de Ciências da Natureza,raw/microdados_enem_2024/microdados_enem_2024/DICIONÁRIO/Dicionário_Microdados_Enem_2024.xlsx,Preservar original; adaptar por edição
2024,objetivas,resultado,nota_ch,NU_NOTA_CH,NU_NOTA_CH,RESULTADOS_2024,117,117,Nota da prova de Ciências Humanas,raw/microdados_enem_2024/microdados_enem_2024/DICIONÁRIO/Dicionário_Microdados_Enem_2024.xlsx,Preservar original; adaptar por edição
2024,objetivas,resultado,nota_lc,NU_NOTA_LC,NU_NOTA_LC,RESULTADOS_2024,118,118,Nota da prova de Linguagens e Códigos,raw/microdados_enem_2024/microdados_enem_2024/DICIONÁRIO/Dicionário_Microdados_Enem_2024.xlsx,Preservar original; adaptar por edição
2024,objetivas,resultado,nota_mt,NU_NOTA_MT,NU_NOTA_MT,RESULTADOS_2024,119,119,Nota da prova de Matemática,raw/microdados_enem_2024/microdados_enem_2024/DICIONÁRIO/Dicionário_Microdados_Enem_2024.xlsx,Preservar original; adaptar por edição
2024,redacao,resultado,tp_status_redacao,TP_STATUS_REDACAO,TP_STATUS_REDACAO,RESULTADOS_2024,131,138,Situação da redação do participante,raw/microdados_enem_2024/microdados_enem_2024/DICIONÁRIO/Dicionário_Microdados_Enem_2024.xlsx,Preservar original; adaptar por edição
2024,redacao,resultado,nu_nota_redacao,NU_NOTA_REDACAO,NU_NOTA_REDACAO,RESULTADOS_2024,144,144,Nota da prova de redação,raw/microdados_enem_2024/microdados_enem_2024/DICIONÁRIO/Dicionário_Microdados_Enem_2024.xlsx,Preservar original; adaptar por edição
2024,redacao,resultado,nu_nota_comp1,NU_NOTA_COMP1,NU_NOTA_COMP1,RESULTADOS_2024,139,139,Nota da competência 1 - Demonstrar domínio da modalidade escrita formal da Língua Portuguesa.,raw/microdados_enem_2024/microdados_enem_2024/DICIONÁRIO/Dicionário_Microdados_Enem_2024.xlsx,Preservar original; adaptar por edição
2024,redacao,resultado,nu_nota_comp2,NU_NOTA_COMP2,NU_NOTA_COMP2,RESULTADOS_2024,140,140,"Nota da competência 2 - Compreender a proposta de redação e aplicar conceitos das várias áreas de conhecimento para desenvolver o tema, dentro dos limites estruturais do texto dissertativo-argumentativo em prosa.",raw/microdados_enem_2024/microdados_enem_2024/DICIONÁRIO/Dicionário_Microdados_Enem_2024.xlsx,Preservar original; adaptar por edição
2024,redacao,resultado,nu_nota_comp3,NU_NOTA_COMP3,NU_NOTA_COMP3,RESULTADOS_2024,141,141,"Nota da competência 3 - Selecionar, relacionar, organizar e interpretar informações, fatos, opiniões e argumentos em defesa de um ponto de vista.",raw/microdados_enem_2024/microdados_enem_2024/DICIONÁRIO/Dicionário_Microdados_Enem_2024.xlsx,Preservar original; adaptar por edição
2024,redacao,resultado,nu_nota_comp4,NU_NOTA_COMP4,NU_NOTA_COMP4,RESULTADOS_2024,142,142,Nota da competência 4 - Demonstrar conhecimento dos mecanismos linguísticos necessários para a construção da argumentação.,raw/microdados_enem_2024/microdados_enem_2024/DICIONÁRIO/Dicionário_Microdados_Enem_2024.xlsx,Preservar original; adaptar por edição
2024,redacao,resultado,nu_nota_comp5,NU_NOTA_COMP5,NU_NOTA_COMP5,RESULTADOS_2024,143,143,"Nota da competência 5 - Elaborar proposta de intervenção para o problema abordado, respeitando os direitos humanos.",raw/microdados_enem_2024/microdados_enem_2024/DICIONÁRIO/Dicionário_Microdados_Enem_2024.xlsx,Preservar original; adaptar por edição
2024,local_aplicacao,resultado,co_municipio_prova,CO_MUNICIPIO_PROVA,CO_MUNICIPIO_PROVA,RESULTADOS_2024,29,33,Código do município da aplicação da prova,raw/microdados_enem_2024/microdados_enem_2024/DICIONÁRIO/Dicionário_Microdados_Enem_2024.xlsx,Preservar original; adaptar por edição
2024,local_aplicacao,resultado,no_municipio_prova,NO_MUNICIPIO_PROVA,NO_MUNICIPIO_PROVA,RESULTADOS_2024,34,34,Nome do município da aplicação da prova,raw/microdados_enem_2024/microdados_enem_2024/DICIONÁRIO/Dicionário_Microdados_Enem_2024.xlsx,Preservar original; adaptar por edição
2024,local_aplicacao,resultado,co_uf_prova,CO_UF_PROVA,CO_UF_PROVA,RESULTADOS_2024,35,35,Código da Unidade da Federação da aplicação da prova,raw/microdados_enem_2024/microdados_enem_2024/DICIONÁRIO/Dicionário_Microdados_Enem_2024.xlsx,Preservar original; adaptar por edição
2024,local_aplicacao,resultado,sg_uf_prova,SG_UF_PROVA,SG_UF_PROVA,RESULTADOS_2024,36,36,Sigla da Unidade da Federação da aplicação da prova,raw/microdados_enem_2024/microdados_enem_2024/DICIONÁRIO/Dicionário_Microdados_Enem_2024.xlsx,Preservar original; adaptar por edição
2024,rede,resultado,rede_escolar,TP_DEPENDENCIA_ADM_ESC,TP_DEPENDENCIA_ADM_ESC,RESULTADOS_2024,18,21,Dependência administrativa (Escola),raw/microdados_enem_2024/microdados_enem_2024/DICIONÁRIO/Dicionário_Microdados_Enem_2024.xlsx,Preservar original; adaptar por edição
2024,renda,perfil,renda_familiar_codigo,Q007,Q007,PARTICIPANTES_2024,134,150,Qual é a renda mensal de sua família? (Considere a sua renda com a das pessoas que moram com você.),raw/microdados_enem_2024/microdados_enem_2024/DICIONÁRIO/Dicionário_Microdados_Enem_2024.xlsx,Preservar original; adaptar por edição
2024,renda,perfil,possui_renda_declarada,Q006,Q006,PARTICIPANTES_2024,132,133,Você possui renda?,raw/microdados_enem_2024/microdados_enem_2024/DICIONÁRIO/Dicionário_Microdados_Enem_2024.xlsx,Preservar original; adaptar por edição
2025,participacao,resultado,presenca_cn,TP_PRESENCA_CN,TP_PRESENCA_CN,RESULTADOS_2025,142,144,Presença na prova objetiva de Ciências da Natureza,raw/microdados_enem_2025/microdados_enem_2025/DICIONÁRIO/Dicionário_Microdados_Enem_2025.xlsx,Preservar original; adaptar por edição
2025,participacao,resultado,presenca_ch,TP_PRESENCA_CH,TP_PRESENCA_CH,RESULTADOS_2025,145,147,Presença na prova objetiva de Ciências Humanas,raw/microdados_enem_2025/microdados_enem_2025/DICIONÁRIO/Dicionário_Microdados_Enem_2025.xlsx,Preservar original; adaptar por edição
2025,participacao,resultado,presenca_lc,TP_PRESENCA_LC,TP_PRESENCA_LC,RESULTADOS_2025,148,150,Presença na prova objetiva de Linguagens e Códigos,raw/microdados_enem_2025/microdados_enem_2025/DICIONÁRIO/Dicionário_Microdados_Enem_2025.xlsx,Preservar original; adaptar por edição
2025,participacao,resultado,presenca_mt,TP_PRESENCA_MT,TP_PRESENCA_MT,RESULTADOS_2025,151,153,Presença na prova objetiva de Matemática,raw/microdados_enem_2025/microdados_enem_2025/DICIONÁRIO/Dicionário_Microdados_Enem_2025.xlsx,Preservar original; adaptar por edição
2025,objetivas,resultado,nota_cn,NU_NOTA_CN,NU_NOTA_CN,RESULTADOS_2025,228,228,Nota da prova de Ciências da Natureza,raw/microdados_enem_2025/microdados_enem_2025/DICIONÁRIO/Dicionário_Microdados_Enem_2025.xlsx,Preservar original; adaptar por edição
2025,objetivas,resultado,nota_ch,NU_NOTA_CH,NU_NOTA_CH,RESULTADOS_2025,229,229,Nota da prova de Ciências Humanas,raw/microdados_enem_2025/microdados_enem_2025/DICIONÁRIO/Dicionário_Microdados_Enem_2025.xlsx,Preservar original; adaptar por edição
2025,objetivas,resultado,nota_lc,NU_NOTA_LC,NU_NOTA_LC,RESULTADOS_2025,230,230,Nota da prova de Linguagens e Códigos,raw/microdados_enem_2025/microdados_enem_2025/DICIONÁRIO/Dicionário_Microdados_Enem_2025.xlsx,Preservar original; adaptar por edição
2025,objetivas,resultado,nota_mt,NU_NOTA_MT,NU_NOTA_MT,RESULTADOS_2025,231,231,Nota da prova de Matemática,raw/microdados_enem_2025/microdados_enem_2025/DICIONÁRIO/Dicionário_Microdados_Enem_2025.xlsx,Preservar original; adaptar por edição
2025,redacao,resultado,tp_status_redacao,TP_STATUS_REDACAO,TP_STATUS_REDACAO,RESULTADOS_2025,243,250,Situação da redação do participante,raw/microdados_enem_2025/microdados_enem_2025/DICIONÁRIO/Dicionário_Microdados_Enem_2025.xlsx,Preservar original; adaptar por edição
2025,redacao,resultado,nu_nota_redacao,NU_NOTA_REDACAO,NU_NOTA_REDACAO,RESULTADOS_2025,256,256,Nota final da prova de redação,raw/microdados_enem_2025/microdados_enem_2025/DICIONÁRIO/Dicionário_Microdados_Enem_2025.xlsx,Preservar original; adaptar por edição
2025,redacao,resultado,nu_nota_comp1,NU_NOTA_COMP1,NU_NOTA_COMP1,RESULTADOS_2025,251,251,Nota média da competência 1 obtida a partir dos avaliadores considerados válidos para o cálculo (conforme regras do edital) – Demonstrar domínio da modalidade escrita formal da Língua Portuguesa,raw/microdados_enem_2025/microdados_enem_2025/DICIONÁRIO/Dicionário_Microdados_Enem_2025.xlsx,Preservar original; adaptar por edição
2025,redacao,resultado,nu_nota_comp2,NU_NOTA_COMP2,NU_NOTA_COMP2,RESULTADOS_2025,252,252,"Nota média da competência 2 obtida a partir dos avaliadores considerados válidos para o cálculo (conforme regras do edital) - Compreender a proposta de redação e aplicar conceitos das várias áreas de conhecimento para desenvolver o tema, dentro dos limites estruturais do texto dissertativo-argumentativo em prosa",raw/microdados_enem_2025/microdados_enem_2025/DICIONÁRIO/Dicionário_Microdados_Enem_2025.xlsx,Preservar original; adaptar por edição
2025,redacao,resultado,nu_nota_comp3,NU_NOTA_COMP3,NU_NOTA_COMP3,RESULTADOS_2025,253,253,"Nota média da competência 3 obtida a partir dos avaliadores considerados válidos para o cálculo (conforme regras do edital) - Selecionar, relacionar, organizar e interpretar informações, fatos, opiniões e argumentos em defesa de um ponto de vista",raw/microdados_enem_2025/microdados_enem_2025/DICIONÁRIO/Dicionário_Microdados_Enem_2025.xlsx,Preservar original; adaptar por edição
2025,redacao,resultado,nu_nota_comp4,NU_NOTA_COMP4,NU_NOTA_COMP4,RESULTADOS_2025,254,254,Nota média da competência 4 obtida a partir dos avaliadores considerados válidos para o cálculo (conforme regras do edital) - Demonstrar conhecimento dos mecanismos linguísticos necessários para a construção da argumentação,raw/microdados_enem_2025/microdados_enem_2025/DICIONÁRIO/Dicionário_Microdados_Enem_2025.xlsx,Preservar original; adaptar por edição
2025,redacao,resultado,nu_nota_comp5,NU_NOTA_COMP5,NU_NOTA_COMP5,RESULTADOS_2025,255,255,"Nota média da competência 5 obtida a partir dos avaliadores considerados válidos para o cálculo (conforme regras do edital) - Elaborar proposta de intervenção para o problema abordado, respeitando os direitos humanos",raw/microdados_enem_2025/microdados_enem_2025/DICIONÁRIO/Dicionário_Microdados_Enem_2025.xlsx,Preservar original; adaptar por edição
2025,local_aplicacao,resultado,co_municipio_prova,CO_MUNICIPIO_PROVA,CO_MUNICIPIO_PROVA,RESULTADOS_2025,81,85,Código do município da aplicação da prova,raw/microdados_enem_2025/microdados_enem_2025/DICIONÁRIO/Dicionário_Microdados_Enem_2025.xlsx,Preservar original; adaptar por edição
2025,local_aplicacao,resultado,no_municipio_prova,NO_MUNICIPIO_PROVA,NO_MUNICIPIO_PROVA,RESULTADOS_2025,86,86,Nome do município da aplicação da prova,raw/microdados_enem_2025/microdados_enem_2025/DICIONÁRIO/Dicionário_Microdados_Enem_2025.xlsx,Preservar original; adaptar por edição
2025,local_aplicacao,resultado,co_uf_prova,CO_UF_PROVA,CO_UF_PROVA,RESULTADOS_2025,87,113,Código da Unidade da Federação da aplicação da prova,raw/microdados_enem_2025/microdados_enem_2025/DICIONÁRIO/Dicionário_Microdados_Enem_2025.xlsx,Preservar original; adaptar por edição
2025,local_aplicacao,resultado,sg_uf_prova,SG_UF_PROVA,SG_UF_PROVA,RESULTADOS_2025,114,140,Sigla da Unidade da Federação da aplicação da prova,raw/microdados_enem_2025/microdados_enem_2025/DICIONÁRIO/Dicionário_Microdados_Enem_2025.xlsx,Preservar original; adaptar por edição
2025,rede,resultado,rede_escolar,TP_DEPENDENCIA_ADM_ESC,TP_DEPENDENCIA_ADM_ESC,RESULTADOS_2025,70,73,Dependência administrativa (Escola),raw/microdados_enem_2025/microdados_enem_2025/DICIONÁRIO/Dicionário_Microdados_Enem_2025.xlsx,Preservar original; adaptar por edição
2025,renda,perfil,renda_familiar_codigo,Q007,Q007,PARTICIPANTES_2025,186,202,Qual é a renda mensal de sua família? (Considere a sua renda com a das pessoas que moram com você),raw/microdados_enem_2025/microdados_enem_2025/DICIONÁRIO/Dicionário_Microdados_Enem_2025.xlsx,Preservar original; adaptar por edição
2025,renda,perfil,possui_renda_declarada,Q006,Q006,PARTICIPANTES_2025,184,185,Você possui renda?,raw/microdados_enem_2025/microdados_enem_2025/DICIONÁRIO/Dicionário_Microdados_Enem_2025.xlsx,Preservar original; adaptar por edição
