ano,tipo,campo_csv,codigo,rotulo_original,pergunta,aba,linha,dicionario
2010,familiar,Q04,A,"Até 1 salário mínimo (até R$ 510,00).","Somando a sua renda com a renda das pessoas que moram com você, quanto é, aproximadamente, a renda familiar mensal?
",MICRODADOS_ENEM_2010,173,raw/microdados_enem_2010/DICIONÁRIO/Dicionário_Microdados_Enem_2010.xlsx
2010,familiar,Q04,B,"De 1 a 3 salários mínimos (de R$ 510,00 até R$ 1.530,00).","Somando a sua renda com a renda das pessoas que moram com você, quanto é, aproximadamente, a renda familiar mensal?
",MICRODADOS_ENEM_2010,174,raw/microdados_enem_2010/DICIONÁRIO/Dicionário_Microdados_Enem_2010.xlsx
2010,familiar,Q04,C,"De 3 a 6 salários mínimos (de R$ 1.530,00 até R$ 3.060,00).","Somando a sua renda com a renda das pessoas que moram com você, quanto é, aproximadamente, a renda familiar mensal?
",MICRODADOS_ENEM_2010,175,raw/microdados_enem_2010/DICIONÁRIO/Dicionário_Microdados_Enem_2010.xlsx
2010,familiar,Q04,D,"De 6 a 9 salários mínimos (de R$ 3.060,00 até R$ 4.590,00).","Somando a sua renda com a renda das pessoas que moram com você, quanto é, aproximadamente, a renda familiar mensal?
",MICRODADOS_ENEM_2010,176,raw/microdados_enem_2010/DICIONÁRIO/Dicionário_Microdados_Enem_2010.xlsx
2010,familiar,Q04,E,"De 9 a 12 salários mínimos (de R$ 4.590,00 até R$ 6.120,00).","Somando a sua renda com a renda das pessoas que moram com você, quanto é, aproximadamente, a renda familiar mensal?
",MICRODADOS_ENEM_2010,177,raw/microdados_enem_2010/DICIONÁRIO/Dicionário_Microdados_Enem_2010.xlsx
2010,familiar,Q04,F,"De 12 a 15 salários mínimos (de R$ 6.210,00 até R$ 7.650,00).","Somando a sua renda com a renda das pessoas que moram com você, quanto é, aproximadamente, a renda familiar mensal?
",MICRODADOS_ENEM_2010,178,raw/microdados_enem_2010/DICIONÁRIO/Dicionário_Microdados_Enem_2010.xlsx
2010,familiar,Q04,G,"Mais de 15 salários mínimos (mais de R$ 7.650,00).","Somando a sua renda com a renda das pessoas que moram com você, quanto é, aproximadamente, a renda familiar mensal?
",MICRODADOS_ENEM_2010,179,raw/microdados_enem_2010/DICIONÁRIO/Dicionário_Microdados_Enem_2010.xlsx
2010,familiar,Q04,H,Nenhuma renda.,"Somando a sua renda com a renda das pessoas que moram com você, quanto é, aproximadamente, a renda familiar mensal?
",MICRODADOS_ENEM_2010,180,raw/microdados_enem_2010/DICIONÁRIO/Dicionário_Microdados_Enem_2010.xlsx
2010,propria_faixa,Q05,A,"Até 1 salário mínimo (até R$ 510,00).","Qual a sua renda mensal, aproximadamente?",MICRODADOS_ENEM_2010,181,raw/microdados_enem_2010/DICIONÁRIO/Dicionário_Microdados_Enem_2010.xlsx
2010,propria_faixa,Q05,B,"De 1 a 3 salários mínimos (de R$ 510,00 até R$ 1.530,00).","Qual a sua renda mensal, aproximadamente?",MICRODADOS_ENEM_2010,182,raw/microdados_enem_2010/DICIONÁRIO/Dicionário_Microdados_Enem_2010.xlsx
2010,propria_faixa,Q05,C,"De 3 a 6 salários mínimos (de R$ 1.530,00 até R$ 3.060,00).","Qual a sua renda mensal, aproximadamente?",MICRODADOS_ENEM_2010,183,raw/microdados_enem_2010/DICIONÁRIO/Dicionário_Microdados_Enem_2010.xlsx
2010,propria_faixa,Q05,D,"De 6 a 9 salários mínimos (de R$ 3.060,00 até R$ 4.590,00).","Qual a sua renda mensal, aproximadamente?",MICRODADOS_ENEM_2010,184,raw/microdados_enem_2010/DICIONÁRIO/Dicionário_Microdados_Enem_2010.xlsx
2010,propria_faixa,Q05,E,"De 9 a 12 salários mínimos (de R$ 4.590,00 até R$ 6.120,00).","Qual a sua renda mensal, aproximadamente?",MICRODADOS_ENEM_2010,185,raw/microdados_enem_2010/DICIONÁRIO/Dicionário_Microdados_Enem_2010.xlsx
2010,propria_faixa,Q05,F,"De 12 a 15 salários mínimos (de R$ 6.210,00 até R$ 7.650,00).","Qual a sua renda mensal, aproximadamente?",MICRODADOS_ENEM_2010,186,raw/microdados_enem_2010/DICIONÁRIO/Dicionário_Microdados_Enem_2010.xlsx
2010,propria_faixa,Q05,G,"Mais de 15 salários mínimos (mais de R$ 7.650,00).","Qual a sua renda mensal, aproximadamente?",MICRODADOS_ENEM_2010,187,raw/microdados_enem_2010/DICIONÁRIO/Dicionário_Microdados_Enem_2010.xlsx
2010,propria_faixa,Q05,H,Nenhuma renda.,"Qual a sua renda mensal, aproximadamente?",MICRODADOS_ENEM_2010,188,raw/microdados_enem_2010/DICIONÁRIO/Dicionário_Microdados_Enem_2010.xlsx
2011,familiar,Q004,A,Nenhuma renda;,"Somando a sua renda com a renda das pessoas que moram com você, quanto é, aproximadamente, a renda familiar mensal?
",MICRODADOS_ENEM_2011,188,raw/microdados_enem_2011/DICIONÁRIO/Dicionário_Microdados_Enem_2011.xlsx
2011,familiar,Q004,B,"Até um salário mínimo (até R$545,00);","Somando a sua renda com a renda das pessoas que moram com você, quanto é, aproximadamente, a renda familiar mensal?
",MICRODADOS_ENEM_2011,189,raw/microdados_enem_2011/DICIONÁRIO/Dicionário_Microdados_Enem_2011.xlsx
2011,familiar,Q004,C,"Entre 1 e 1,5 salários (entre R$545,00 até R$817,50);","Somando a sua renda com a renda das pessoas que moram com você, quanto é, aproximadamente, a renda familiar mensal?
",MICRODADOS_ENEM_2011,190,raw/microdados_enem_2011/DICIONÁRIO/Dicionário_Microdados_Enem_2011.xlsx
2011,familiar,Q004,D,"Entre 1,5 e 2 salários (entre R$817,50 até R$1.090,00);","Somando a sua renda com a renda das pessoas que moram com você, quanto é, aproximadamente, a renda familiar mensal?
",MICRODADOS_ENEM_2011,191,raw/microdados_enem_2011/DICIONÁRIO/Dicionário_Microdados_Enem_2011.xlsx
2011,familiar,Q004,E,"Entre 2 e 5 salários (entre R$1.090,00 até R$2.725,00);","Somando a sua renda com a renda das pessoas que moram com você, quanto é, aproximadamente, a renda familiar mensal?
",MICRODADOS_ENEM_2011,192,raw/microdados_enem_2011/DICIONÁRIO/Dicionário_Microdados_Enem_2011.xlsx
2011,familiar,Q004,F,"Entre 5 e 7 salários (entre R$2.725,00 até R$3.815,00);","Somando a sua renda com a renda das pessoas que moram com você, quanto é, aproximadamente, a renda familiar mensal?
",MICRODADOS_ENEM_2011,193,raw/microdados_enem_2011/DICIONÁRIO/Dicionário_Microdados_Enem_2011.xlsx
2011,familiar,Q004,G,"Entre 7 e 10 salários (entre R$3.815,00 até R$5.450,00);","Somando a sua renda com a renda das pessoas que moram com você, quanto é, aproximadamente, a renda familiar mensal?
",MICRODADOS_ENEM_2011,194,raw/microdados_enem_2011/DICIONÁRIO/Dicionário_Microdados_Enem_2011.xlsx
2011,familiar,Q004,H,"Entre 10 e 12 salários (entre R$5.450,00 até R$ 6.540,00);","Somando a sua renda com a renda das pessoas que moram com você, quanto é, aproximadamente, a renda familiar mensal?
",MICRODADOS_ENEM_2011,195,raw/microdados_enem_2011/DICIONÁRIO/Dicionário_Microdados_Enem_2011.xlsx
2011,familiar,Q004,I,"Entre 12 e 15 salários (entre R$6.540,00 até R$8.175,00);","Somando a sua renda com a renda das pessoas que moram com você, quanto é, aproximadamente, a renda familiar mensal?
",MICRODADOS_ENEM_2011,196,raw/microdados_enem_2011/DICIONÁRIO/Dicionário_Microdados_Enem_2011.xlsx
2011,familiar,Q004,J,"Entre 15 e 30 salários (entre R$8.175,00 até R$ 16.350,00);","Somando a sua renda com a renda das pessoas que moram com você, quanto é, aproximadamente, a renda familiar mensal?
",MICRODADOS_ENEM_2011,197,raw/microdados_enem_2011/DICIONÁRIO/Dicionário_Microdados_Enem_2011.xlsx
2011,familiar,Q004,K,"Acima de 30 salários (mais de R$16.350,00);","Somando a sua renda com a renda das pessoas que moram com você, quanto é, aproximadamente, a renda familiar mensal?
",MICRODADOS_ENEM_2011,198,raw/microdados_enem_2011/DICIONÁRIO/Dicionário_Microdados_Enem_2011.xlsx
2011,propria_faixa,Q005,A,Nenhuma renda;,"Qual a sua renda mensal, aproximadamente?",MICRODADOS_ENEM_2011,199,raw/microdados_enem_2011/DICIONÁRIO/Dicionário_Microdados_Enem_2011.xlsx
2011,propria_faixa,Q005,B,"Até um salário mínimo (até R$545,00);","Qual a sua renda mensal, aproximadamente?",MICRODADOS_ENEM_2011,200,raw/microdados_enem_2011/DICIONÁRIO/Dicionário_Microdados_Enem_2011.xlsx
2011,propria_faixa,Q005,C,"Entre 1 e 1,5 salários (entre R$545,00 até R$817,50);","Qual a sua renda mensal, aproximadamente?",MICRODADOS_ENEM_2011,201,raw/microdados_enem_2011/DICIONÁRIO/Dicionário_Microdados_Enem_2011.xlsx
2011,propria_faixa,Q005,D,"Entre 1,5 e 2 salários (entre R$817,50 até R$1.090,00);","Qual a sua renda mensal, aproximadamente?",MICRODADOS_ENEM_2011,202,raw/microdados_enem_2011/DICIONÁRIO/Dicionário_Microdados_Enem_2011.xlsx
2011,propria_faixa,Q005,E,"Entre 2 e 5 salários (entre R$1.090,00 até R$2.725,00);","Qual a sua renda mensal, aproximadamente?",MICRODADOS_ENEM_2011,203,raw/microdados_enem_2011/DICIONÁRIO/Dicionário_Microdados_Enem_2011.xlsx
2011,propria_faixa,Q005,F,"Entre 5 e 7 salários (entre R$2.725,00 até R$3.815,00);","Qual a sua renda mensal, aproximadamente?",MICRODADOS_ENEM_2011,204,raw/microdados_enem_2011/DICIONÁRIO/Dicionário_Microdados_Enem_2011.xlsx
2011,propria_faixa,Q005,G,"Entre 7 e 10 salários (entre R$3.815,00 até R$5.450,00);","Qual a sua renda mensal, aproximadamente?",MICRODADOS_ENEM_2011,205,raw/microdados_enem_2011/DICIONÁRIO/Dicionário_Microdados_Enem_2011.xlsx
2011,propria_faixa,Q005,H,"Entre 10 e 12 salários (entre R$5.450,00 até R$ 6.540,00);","Qual a sua renda mensal, aproximadamente?",MICRODADOS_ENEM_2011,206,raw/microdados_enem_2011/DICIONÁRIO/Dicionário_Microdados_Enem_2011.xlsx
2011,propria_faixa,Q005,I,"Entre 12 e 15 salários (entre R$6.540,00 até R$8.175,00);","Qual a sua renda mensal, aproximadamente?",MICRODADOS_ENEM_2011,207,raw/microdados_enem_2011/DICIONÁRIO/Dicionário_Microdados_Enem_2011.xlsx
2011,propria_faixa,Q005,J,"Entre 15 e 30 salários (entre R$8.175,00 até R$ 16.350,00);","Qual a sua renda mensal, aproximadamente?",MICRODADOS_ENEM_2011,208,raw/microdados_enem_2011/DICIONÁRIO/Dicionário_Microdados_Enem_2011.xlsx
2011,propria_faixa,Q005,K,"Acima de 30 salários (mais de R$16.350,00);","Qual a sua renda mensal, aproximadamente?",MICRODADOS_ENEM_2011,209,raw/microdados_enem_2011/DICIONÁRIO/Dicionário_Microdados_Enem_2011.xlsx
2012,familiar,Q003,A,Nenhuma renda;,Qual é a renda mensal de sua família? (Some a sua renda com a dos seus familiares.),MICRODADOS_ENEM_2012,167,raw/microdados_enem_2012/DICIONÁRIO/Dicionário_Microdados_Enem_2012.xlsx
2012,familiar,Q003,B,"Até um salário mínimo (até R$622,00);",Qual é a renda mensal de sua família? (Some a sua renda com a dos seus familiares.),MICRODADOS_ENEM_2012,168,raw/microdados_enem_2012/DICIONÁRIO/Dicionário_Microdados_Enem_2012.xlsx
2012,familiar,Q003,C,"Mais de 1 até 1,5 (de R$ 622,01 até R$ 933,00).",Qual é a renda mensal de sua família? (Some a sua renda com a dos seus familiares.),MICRODADOS_ENEM_2012,169,raw/microdados_enem_2012/DICIONÁRIO/Dicionário_Microdados_Enem_2012.xlsx
2012,familiar,Q003,D,"Mais de 1,5 até 2 (de R$ 933,01 até R$ 1244,00).",Qual é a renda mensal de sua família? (Some a sua renda com a dos seus familiares.),MICRODADOS_ENEM_2012,170,raw/microdados_enem_2012/DICIONÁRIO/Dicionário_Microdados_Enem_2012.xlsx
2012,familiar,Q003,E,"Mais de 2 até 2,5 (de R$ 1244,01 até R$ 1555,00).",Qual é a renda mensal de sua família? (Some a sua renda com a dos seus familiares.),MICRODADOS_ENEM_2012,171,raw/microdados_enem_2012/DICIONÁRIO/Dicionário_Microdados_Enem_2012.xlsx
2012,familiar,Q003,F,"Mais de 2,5 até 3 (de R$ 1555,01 até R$ 1866,00).",Qual é a renda mensal de sua família? (Some a sua renda com a dos seus familiares.),MICRODADOS_ENEM_2012,172,raw/microdados_enem_2012/DICIONÁRIO/Dicionário_Microdados_Enem_2012.xlsx
2012,familiar,Q003,G,"Mais de 3 até 4 (de R$ 1866,01 até R$ 2488,00).",Qual é a renda mensal de sua família? (Some a sua renda com a dos seus familiares.),MICRODADOS_ENEM_2012,173,raw/microdados_enem_2012/DICIONÁRIO/Dicionário_Microdados_Enem_2012.xlsx
2012,familiar,Q003,H,"Mais de 4 até 5 (de R$ 2488,01 até R$ 3110,00).",Qual é a renda mensal de sua família? (Some a sua renda com a dos seus familiares.),MICRODADOS_ENEM_2012,174,raw/microdados_enem_2012/DICIONÁRIO/Dicionário_Microdados_Enem_2012.xlsx
2012,familiar,Q003,I,"Mais de 5 até 6 (de R$ 3110,01 até R$ 3732,00).",Qual é a renda mensal de sua família? (Some a sua renda com a dos seus familiares.),MICRODADOS_ENEM_2012,175,raw/microdados_enem_2012/DICIONÁRIO/Dicionário_Microdados_Enem_2012.xlsx
2012,familiar,Q003,J,"Mais de 6 até 7 (de R$ 3732,01 até R$ 4354,00).",Qual é a renda mensal de sua família? (Some a sua renda com a dos seus familiares.),MICRODADOS_ENEM_2012,176,raw/microdados_enem_2012/DICIONÁRIO/Dicionário_Microdados_Enem_2012.xlsx
2012,familiar,Q003,K,"Mais de 7 até 8 (de R$ 4354,01 até R$ 4976,00).",Qual é a renda mensal de sua família? (Some a sua renda com a dos seus familiares.),MICRODADOS_ENEM_2012,177,raw/microdados_enem_2012/DICIONÁRIO/Dicionário_Microdados_Enem_2012.xlsx
2012,familiar,Q003,L,"Mais de 8 até 9 (de R$ 4976,01 até R$ 5598,00).",Qual é a renda mensal de sua família? (Some a sua renda com a dos seus familiares.),MICRODADOS_ENEM_2012,178,raw/microdados_enem_2012/DICIONÁRIO/Dicionário_Microdados_Enem_2012.xlsx
2012,familiar,Q003,M,"Mais de 9 até 10 (de R$ 5598,01 até R$ 6220,00).",Qual é a renda mensal de sua família? (Some a sua renda com a dos seus familiares.),MICRODADOS_ENEM_2012,179,raw/microdados_enem_2012/DICIONÁRIO/Dicionário_Microdados_Enem_2012.xlsx
2012,familiar,Q003,N,"Mais de 10 até 12 (de R$ 6220,01 até R$ 7464,00).",Qual é a renda mensal de sua família? (Some a sua renda com a dos seus familiares.),MICRODADOS_ENEM_2012,180,raw/microdados_enem_2012/DICIONÁRIO/Dicionário_Microdados_Enem_2012.xlsx
2012,familiar,Q003,O,"Mais de 12 até 15 (de R$ 7464,01 até R$ 9330,00).",Qual é a renda mensal de sua família? (Some a sua renda com a dos seus familiares.),MICRODADOS_ENEM_2012,181,raw/microdados_enem_2012/DICIONÁRIO/Dicionário_Microdados_Enem_2012.xlsx
2012,familiar,Q003,P,"Mais de 15 até 20 (de R$ 9330,01 até R$ 12440,00).",Qual é a renda mensal de sua família? (Some a sua renda com a dos seus familiares.),MICRODADOS_ENEM_2012,182,raw/microdados_enem_2012/DICIONÁRIO/Dicionário_Microdados_Enem_2012.xlsx
2012,familiar,Q003,Q,"Acima de 20 salários (mais de R$12440,00);",Qual é a renda mensal de sua família? (Some a sua renda com a dos seus familiares.),MICRODADOS_ENEM_2012,183,raw/microdados_enem_2012/DICIONÁRIO/Dicionário_Microdados_Enem_2012.xlsx
2013,familiar,Q003,A,Nenhuma renda,Qual é a renda mensal de sua família? (Some a sua renda com a dos seus familiares),MICRODADOS_ENEM_2013,171,raw/microdados_enem_2013/DICIONÁRIO/Dicionário_Microdados_Enem_2013.xlsx
2013,familiar,Q003,B,"Até um salário mínimo (até R$ 678,00)",Qual é a renda mensal de sua família? (Some a sua renda com a dos seus familiares),MICRODADOS_ENEM_2013,172,raw/microdados_enem_2013/DICIONÁRIO/Dicionário_Microdados_Enem_2013.xlsx
2013,familiar,Q003,C,"Mais de um até 1,5 (até R$ 1.017,00)",Qual é a renda mensal de sua família? (Some a sua renda com a dos seus familiares),MICRODADOS_ENEM_2013,173,raw/microdados_enem_2013/DICIONÁRIO/Dicionário_Microdados_Enem_2013.xlsx
2013,familiar,Q003,D,"Mais de 1,5 e até 2 (de R$ 1.017,01 até R$ 1.356,00)",Qual é a renda mensal de sua família? (Some a sua renda com a dos seus familiares),MICRODADOS_ENEM_2013,174,raw/microdados_enem_2013/DICIONÁRIO/Dicionário_Microdados_Enem_2013.xlsx
2013,familiar,Q003,E,"Mais de 2 e até 2,5 (de R$ 1.356,01 até R$ 1.695,00) ",Qual é a renda mensal de sua família? (Some a sua renda com a dos seus familiares),MICRODADOS_ENEM_2013,175,raw/microdados_enem_2013/DICIONÁRIO/Dicionário_Microdados_Enem_2013.xlsx
2013,familiar,Q003,F,"Mais de 2,5 e até 3 (de R$ 1.695,01 até R$ 2.034,00)",Qual é a renda mensal de sua família? (Some a sua renda com a dos seus familiares),MICRODADOS_ENEM_2013,176,raw/microdados_enem_2013/DICIONÁRIO/Dicionário_Microdados_Enem_2013.xlsx
2013,familiar,Q003,G,"Mais de 3 e até 4 (de R$ 2.034,01 até R$ 2.712,00)",Qual é a renda mensal de sua família? (Some a sua renda com a dos seus familiares),MICRODADOS_ENEM_2013,177,raw/microdados_enem_2013/DICIONÁRIO/Dicionário_Microdados_Enem_2013.xlsx
2013,familiar,Q003,H,"Mais de 4 e até 5 (de R$ 2.712,01 até R$ 3.390,00)",Qual é a renda mensal de sua família? (Some a sua renda com a dos seus familiares),MICRODADOS_ENEM_2013,178,raw/microdados_enem_2013/DICIONÁRIO/Dicionário_Microdados_Enem_2013.xlsx
2013,familiar,Q003,I,"Mais de 5 e até 6 (de R$ 3.390,01 até R$ 4.068,00)",Qual é a renda mensal de sua família? (Some a sua renda com a dos seus familiares),MICRODADOS_ENEM_2013,179,raw/microdados_enem_2013/DICIONÁRIO/Dicionário_Microdados_Enem_2013.xlsx
2013,familiar,Q003,J,"Mais de 6 e até 7 (de R$ 4.068,01 até R$ 4.746,00)",Qual é a renda mensal de sua família? (Some a sua renda com a dos seus familiares),MICRODADOS_ENEM_2013,180,raw/microdados_enem_2013/DICIONÁRIO/Dicionário_Microdados_Enem_2013.xlsx
2013,familiar,Q003,K,"Mais de 7 e até 8 (de R$ 4.746,01 até R$ 5.424,00)",Qual é a renda mensal de sua família? (Some a sua renda com a dos seus familiares),MICRODADOS_ENEM_2013,181,raw/microdados_enem_2013/DICIONÁRIO/Dicionário_Microdados_Enem_2013.xlsx
2013,familiar,Q003,L,"Mais de 8 e até 9 (de R$ 5.424,01 até R$ 6.102,00)",Qual é a renda mensal de sua família? (Some a sua renda com a dos seus familiares),MICRODADOS_ENEM_2013,182,raw/microdados_enem_2013/DICIONÁRIO/Dicionário_Microdados_Enem_2013.xlsx
2013,familiar,Q003,M,"Mais de 9 e até 10 (de R$ 6.102,01 até R$ 6.780,00)",Qual é a renda mensal de sua família? (Some a sua renda com a dos seus familiares),MICRODADOS_ENEM_2013,183,raw/microdados_enem_2013/DICIONÁRIO/Dicionário_Microdados_Enem_2013.xlsx
2013,familiar,Q003,N,"Mais de 10 e até 12 (de R$ 6.780,01 até R$ 8.136,00)",Qual é a renda mensal de sua família? (Some a sua renda com a dos seus familiares),MICRODADOS_ENEM_2013,184,raw/microdados_enem_2013/DICIONÁRIO/Dicionário_Microdados_Enem_2013.xlsx
2013,familiar,Q003,O,"Mais de 12 e até 15 (de R$ 8.136,01 até R$ 10.170,00)",Qual é a renda mensal de sua família? (Some a sua renda com a dos seus familiares),MICRODADOS_ENEM_2013,185,raw/microdados_enem_2013/DICIONÁRIO/Dicionário_Microdados_Enem_2013.xlsx
2013,familiar,Q003,P,"Mais de 15 e até 20 (de R$ 10.170,01 até R$ 13.560,00)",Qual é a renda mensal de sua família? (Some a sua renda com a dos seus familiares),MICRODADOS_ENEM_2013,186,raw/microdados_enem_2013/DICIONÁRIO/Dicionário_Microdados_Enem_2013.xlsx
2013,familiar,Q003,Q,"Acima 20 salários mínimos (mais de R$ 13.560,01)",Qual é a renda mensal de sua família? (Some a sua renda com a dos seus familiares),MICRODADOS_ENEM_2013,187,raw/microdados_enem_2013/DICIONÁRIO/Dicionário_Microdados_Enem_2013.xlsx
2014,familiar,Q003,A,Nenhuma renda,Qual é a renda mensal de sua família? (Some a sua renda com a dos seus familiares),MICRODADOS_ENEM_2014,173,raw/microdados_enem_2014/DICIONÁRIO/Dicionário_Microdados_Enem_2014.xlsx
2014,familiar,Q003,B,"Até um salário mínimo (até R$ 724,00)",Qual é a renda mensal de sua família? (Some a sua renda com a dos seus familiares),MICRODADOS_ENEM_2014,174,raw/microdados_enem_2014/DICIONÁRIO/Dicionário_Microdados_Enem_2014.xlsx
2014,familiar,Q003,C,"Mais de um até 1,5 (de R$724,01 a R$ 1.086,00)",Qual é a renda mensal de sua família? (Some a sua renda com a dos seus familiares),MICRODADOS_ENEM_2014,175,raw/microdados_enem_2014/DICIONÁRIO/Dicionário_Microdados_Enem_2014.xlsx
2014,familiar,Q003,D,"Mais de 1,5 e até 2 (de R$ 1.086,01 até R$ 1.448,00)",Qual é a renda mensal de sua família? (Some a sua renda com a dos seus familiares),MICRODADOS_ENEM_2014,176,raw/microdados_enem_2014/DICIONÁRIO/Dicionário_Microdados_Enem_2014.xlsx
2014,familiar,Q003,E,"Mais de 2 e até 2,5 (de R$ 1.448,01 até R$ 1.810,00) ",Qual é a renda mensal de sua família? (Some a sua renda com a dos seus familiares),MICRODADOS_ENEM_2014,177,raw/microdados_enem_2014/DICIONÁRIO/Dicionário_Microdados_Enem_2014.xlsx
2014,familiar,Q003,F,"Mais de 2,5 e até 3 (de R$ 1.810,01 até R$ 2.172,00)",Qual é a renda mensal de sua família? (Some a sua renda com a dos seus familiares),MICRODADOS_ENEM_2014,178,raw/microdados_enem_2014/DICIONÁRIO/Dicionário_Microdados_Enem_2014.xlsx
2014,familiar,Q003,G,"Mais de 3 e até 4 (de R$ 2.172,01 até R$ 2.896,00)",Qual é a renda mensal de sua família? (Some a sua renda com a dos seus familiares),MICRODADOS_ENEM_2014,179,raw/microdados_enem_2014/DICIONÁRIO/Dicionário_Microdados_Enem_2014.xlsx
2014,familiar,Q003,H,"Mais de 4 e até 5 (de R$ 2.896,01 até R$ 3.620,00)",Qual é a renda mensal de sua família? (Some a sua renda com a dos seus familiares),MICRODADOS_ENEM_2014,180,raw/microdados_enem_2014/DICIONÁRIO/Dicionário_Microdados_Enem_2014.xlsx
2014,familiar,Q003,I,"Mais de 5 e até 6 (de R$ 3.620,01 até R$ 4.344,00)",Qual é a renda mensal de sua família? (Some a sua renda com a dos seus familiares),MICRODADOS_ENEM_2014,181,raw/microdados_enem_2014/DICIONÁRIO/Dicionário_Microdados_Enem_2014.xlsx
2014,familiar,Q003,J,"Mais de 6 e até 7 (de R$ 4.344,01 até R$ 5.068,00)",Qual é a renda mensal de sua família? (Some a sua renda com a dos seus familiares),MICRODADOS_ENEM_2014,182,raw/microdados_enem_2014/DICIONÁRIO/Dicionário_Microdados_Enem_2014.xlsx
2014,familiar,Q003,K,"Mais de 7 e até 8 (de R$ 5.068,01 até R$ 5.792,00)",Qual é a renda mensal de sua família? (Some a sua renda com a dos seus familiares),MICRODADOS_ENEM_2014,183,raw/microdados_enem_2014/DICIONÁRIO/Dicionário_Microdados_Enem_2014.xlsx
2014,familiar,Q003,L,"Mais de 8 e até 9 (de R$ 5.792,01 até R$ 6.516,00)",Qual é a renda mensal de sua família? (Some a sua renda com a dos seus familiares),MICRODADOS_ENEM_2014,184,raw/microdados_enem_2014/DICIONÁRIO/Dicionário_Microdados_Enem_2014.xlsx
2014,familiar,Q003,M,"Mais de 9 e até 10 (de R$ 6.516,01 até R$ 7.240,00)",Qual é a renda mensal de sua família? (Some a sua renda com a dos seus familiares),MICRODADOS_ENEM_2014,185,raw/microdados_enem_2014/DICIONÁRIO/Dicionário_Microdados_Enem_2014.xlsx
2014,familiar,Q003,N,"Mais de 10 e até 12 (de R$ 7.240,01 até R$ 8.688,00)",Qual é a renda mensal de sua família? (Some a sua renda com a dos seus familiares),MICRODADOS_ENEM_2014,186,raw/microdados_enem_2014/DICIONÁRIO/Dicionário_Microdados_Enem_2014.xlsx
2014,familiar,Q003,O,"Mais de 12 e até 15 (de R$ 8.688,01 até R$ 10.860,00)",Qual é a renda mensal de sua família? (Some a sua renda com a dos seus familiares),MICRODADOS_ENEM_2014,187,raw/microdados_enem_2014/DICIONÁRIO/Dicionário_Microdados_Enem_2014.xlsx
2014,familiar,Q003,P,"Mais de 15 e até 20 (de R$ 10.860,01 até R$ 14.480,00)",Qual é a renda mensal de sua família? (Some a sua renda com a dos seus familiares),MICRODADOS_ENEM_2014,188,raw/microdados_enem_2014/DICIONÁRIO/Dicionário_Microdados_Enem_2014.xlsx
2014,familiar,Q003,Q,"Acima 20 salários mínimos (mais de R$ 14.480,01)",Qual é a renda mensal de sua família? (Some a sua renda com a dos seus familiares),MICRODADOS_ENEM_2014,189,raw/microdados_enem_2014/DICIONÁRIO/Dicionário_Microdados_Enem_2014.xlsx
2015,familiar,Q006,A,Nenhuma renda.,Qual é a renda mensal de sua família? (Some a sua renda com a dos seus familiares.),MICRODADOS_ENEM_2015,233,raw/microdados_enem_2015/DICIONÁRIO/Dicionário_Microdados_Enem_2015.xlsx
2015,familiar,Q006,B,"Até R$ 788,00.",Qual é a renda mensal de sua família? (Some a sua renda com a dos seus familiares.),MICRODADOS_ENEM_2015,234,raw/microdados_enem_2015/DICIONÁRIO/Dicionário_Microdados_Enem_2015.xlsx
2015,familiar,Q006,C,"De R$ 788,01 até R$ 1.182,00.",Qual é a renda mensal de sua família? (Some a sua renda com a dos seus familiares.),MICRODADOS_ENEM_2015,235,raw/microdados_enem_2015/DICIONÁRIO/Dicionário_Microdados_Enem_2015.xlsx
2015,familiar,Q006,D,"De R$ 1.182,01 até R$ 1.572,00.",Qual é a renda mensal de sua família? (Some a sua renda com a dos seus familiares.),MICRODADOS_ENEM_2015,236,raw/microdados_enem_2015/DICIONÁRIO/Dicionário_Microdados_Enem_2015.xlsx
2015,familiar,Q006,E,"De R$ 1.572,01 até R$ 1.970,00.",Qual é a renda mensal de sua família? (Some a sua renda com a dos seus familiares.),MICRODADOS_ENEM_2015,237,raw/microdados_enem_2015/DICIONÁRIO/Dicionário_Microdados_Enem_2015.xlsx
2015,familiar,Q006,F,"De R$ 1.970,01 até R$ 2.364,00.",Qual é a renda mensal de sua família? (Some a sua renda com a dos seus familiares.),MICRODADOS_ENEM_2015,238,raw/microdados_enem_2015/DICIONÁRIO/Dicionário_Microdados_Enem_2015.xlsx
2015,familiar,Q006,G,"De R$ 2.364,01 até R$ 3.152,00.",Qual é a renda mensal de sua família? (Some a sua renda com a dos seus familiares.),MICRODADOS_ENEM_2015,239,raw/microdados_enem_2015/DICIONÁRIO/Dicionário_Microdados_Enem_2015.xlsx
2015,familiar,Q006,H,"De R$ 3.152,01 até R$ 3.940,00.",Qual é a renda mensal de sua família? (Some a sua renda com a dos seus familiares.),MICRODADOS_ENEM_2015,240,raw/microdados_enem_2015/DICIONÁRIO/Dicionário_Microdados_Enem_2015.xlsx
2015,familiar,Q006,I,"De R$ 3.940,01 até R$ 4.728,00.",Qual é a renda mensal de sua família? (Some a sua renda com a dos seus familiares.),MICRODADOS_ENEM_2015,241,raw/microdados_enem_2015/DICIONÁRIO/Dicionário_Microdados_Enem_2015.xlsx
2015,familiar,Q006,J,"De R$ 4.728,01 até R$ 5.516,00.",Qual é a renda mensal de sua família? (Some a sua renda com a dos seus familiares.),MICRODADOS_ENEM_2015,242,raw/microdados_enem_2015/DICIONÁRIO/Dicionário_Microdados_Enem_2015.xlsx
2015,familiar,Q006,K,"De R$ 5.516,01 até R$ 6.304,00.",Qual é a renda mensal de sua família? (Some a sua renda com a dos seus familiares.),MICRODADOS_ENEM_2015,243,raw/microdados_enem_2015/DICIONÁRIO/Dicionário_Microdados_Enem_2015.xlsx
2015,familiar,Q006,L,"De R$ 6.304,01 até R$ 7.092,00.",Qual é a renda mensal de sua família? (Some a sua renda com a dos seus familiares.),MICRODADOS_ENEM_2015,244,raw/microdados_enem_2015/DICIONÁRIO/Dicionário_Microdados_Enem_2015.xlsx
2015,familiar,Q006,M,"De R$ 7.092,01 até R$ 7.880,00.",Qual é a renda mensal de sua família? (Some a sua renda com a dos seus familiares.),MICRODADOS_ENEM_2015,245,raw/microdados_enem_2015/DICIONÁRIO/Dicionário_Microdados_Enem_2015.xlsx
2015,familiar,Q006,N,"De R$ 7.880,01 até R$ 9.456,00.",Qual é a renda mensal de sua família? (Some a sua renda com a dos seus familiares.),MICRODADOS_ENEM_2015,246,raw/microdados_enem_2015/DICIONÁRIO/Dicionário_Microdados_Enem_2015.xlsx
2015,familiar,Q006,O,"De R$ 9.456,01 até R$ 11.820,00.",Qual é a renda mensal de sua família? (Some a sua renda com a dos seus familiares.),MICRODADOS_ENEM_2015,247,raw/microdados_enem_2015/DICIONÁRIO/Dicionário_Microdados_Enem_2015.xlsx
2015,familiar,Q006,P,"De R$ 11.820,01 até R$ 15.760,00.",Qual é a renda mensal de sua família? (Some a sua renda com a dos seus familiares.),MICRODADOS_ENEM_2015,248,raw/microdados_enem_2015/DICIONÁRIO/Dicionário_Microdados_Enem_2015.xlsx
2015,familiar,Q006,Q,"Mais de 15.760,00.",Qual é a renda mensal de sua família? (Some a sua renda com a dos seus familiares.),MICRODADOS_ENEM_2015,249,raw/microdados_enem_2015/DICIONÁRIO/Dicionário_Microdados_Enem_2015.xlsx
2016,familiar,Q006,A,Nenhuma renda.,Qual é a renda mensal de sua família? (Some a sua renda com a dos seus familiares.),MICRODADOS_ENEM_2016,252,raw/microdados_enem_2016/DICIONÁRIO/Dicionário_Microdados_Enem_2016.xlsx
2016,familiar,Q006,B,"Até R$ 880,00.",Qual é a renda mensal de sua família? (Some a sua renda com a dos seus familiares.),MICRODADOS_ENEM_2016,253,raw/microdados_enem_2016/DICIONÁRIO/Dicionário_Microdados_Enem_2016.xlsx
2016,familiar,Q006,C,"De R$ 880,01 até R$ 1.320,00.",Qual é a renda mensal de sua família? (Some a sua renda com a dos seus familiares.),MICRODADOS_ENEM_2016,254,raw/microdados_enem_2016/DICIONÁRIO/Dicionário_Microdados_Enem_2016.xlsx
2016,familiar,Q006,D,"De R$ 1.320,01 até R$ 1.760,00.",Qual é a renda mensal de sua família? (Some a sua renda com a dos seus familiares.),MICRODADOS_ENEM_2016,255,raw/microdados_enem_2016/DICIONÁRIO/Dicionário_Microdados_Enem_2016.xlsx
2016,familiar,Q006,E,"De R$ 1.760,01 até R$ 2.200,00.",Qual é a renda mensal de sua família? (Some a sua renda com a dos seus familiares.),MICRODADOS_ENEM_2016,256,raw/microdados_enem_2016/DICIONÁRIO/Dicionário_Microdados_Enem_2016.xlsx
2016,familiar,Q006,F,"De R$ 2.200,01 até R$ 2.640,00.",Qual é a renda mensal de sua família? (Some a sua renda com a dos seus familiares.),MICRODADOS_ENEM_2016,257,raw/microdados_enem_2016/DICIONÁRIO/Dicionário_Microdados_Enem_2016.xlsx
2016,familiar,Q006,G,"De R$ 2.640,01 até R$ 3.520,00.",Qual é a renda mensal de sua família? (Some a sua renda com a dos seus familiares.),MICRODADOS_ENEM_2016,258,raw/microdados_enem_2016/DICIONÁRIO/Dicionário_Microdados_Enem_2016.xlsx
2016,familiar,Q006,H,"De R$ 3.520,01 até R$ 4.400,00.",Qual é a renda mensal de sua família? (Some a sua renda com a dos seus familiares.),MICRODADOS_ENEM_2016,259,raw/microdados_enem_2016/DICIONÁRIO/Dicionário_Microdados_Enem_2016.xlsx
2016,familiar,Q006,I,"De R$ 4.400,01 até R$ 5.280,00.",Qual é a renda mensal de sua família? (Some a sua renda com a dos seus familiares.),MICRODADOS_ENEM_2016,260,raw/microdados_enem_2016/DICIONÁRIO/Dicionário_Microdados_Enem_2016.xlsx
2016,familiar,Q006,J,"De R$ 5.280,01 até R$ 6.160,00.",Qual é a renda mensal de sua família? (Some a sua renda com a dos seus familiares.),MICRODADOS_ENEM_2016,261,raw/microdados_enem_2016/DICIONÁRIO/Dicionário_Microdados_Enem_2016.xlsx
2016,familiar,Q006,K,"De R$ 6.160,01 até R$ 7.040,00.",Qual é a renda mensal de sua família? (Some a sua renda com a dos seus familiares.),MICRODADOS_ENEM_2016,262,raw/microdados_enem_2016/DICIONÁRIO/Dicionário_Microdados_Enem_2016.xlsx
2016,familiar,Q006,L,"De R$ 7.040,01 até R$ 7.920,00.",Qual é a renda mensal de sua família? (Some a sua renda com a dos seus familiares.),MICRODADOS_ENEM_2016,263,raw/microdados_enem_2016/DICIONÁRIO/Dicionário_Microdados_Enem_2016.xlsx
2016,familiar,Q006,M,"De R$ 7.920,01 até R$ 8.800,00.",Qual é a renda mensal de sua família? (Some a sua renda com a dos seus familiares.),MICRODADOS_ENEM_2016,264,raw/microdados_enem_2016/DICIONÁRIO/Dicionário_Microdados_Enem_2016.xlsx
2016,familiar,Q006,N,"De R$ 8.800,01 até R$ 10.560,00.",Qual é a renda mensal de sua família? (Some a sua renda com a dos seus familiares.),MICRODADOS_ENEM_2016,265,raw/microdados_enem_2016/DICIONÁRIO/Dicionário_Microdados_Enem_2016.xlsx
2016,familiar,Q006,O,"De R$ 10.560,01 até R$ 13.200,00.",Qual é a renda mensal de sua família? (Some a sua renda com a dos seus familiares.),MICRODADOS_ENEM_2016,266,raw/microdados_enem_2016/DICIONÁRIO/Dicionário_Microdados_Enem_2016.xlsx
2016,familiar,Q006,P,"De R$ 13.200,01 até R$ 17.600,00.",Qual é a renda mensal de sua família? (Some a sua renda com a dos seus familiares.),MICRODADOS_ENEM_2016,267,raw/microdados_enem_2016/DICIONÁRIO/Dicionário_Microdados_Enem_2016.xlsx
2016,familiar,Q006,Q,"Mais de R$ 17.600,00.",Qual é a renda mensal de sua família? (Some a sua renda com a dos seus familiares.),MICRODADOS_ENEM_2016,268,raw/microdados_enem_2016/DICIONÁRIO/Dicionário_Microdados_Enem_2016.xlsx
2017,familiar,Q006,A,Nenhuma renda.,Qual é a renda mensal de sua família? (Some a sua renda com a dos seus familiares.),MICRODADOS_ENEM_2017,229,raw/microdados_enem_2017/DICIONÁRIO/Dicionário_Microdados_Enem_2017.xlsx
2017,familiar,Q006,B,"Até R$ 937,00.",Qual é a renda mensal de sua família? (Some a sua renda com a dos seus familiares.),MICRODADOS_ENEM_2017,230,raw/microdados_enem_2017/DICIONÁRIO/Dicionário_Microdados_Enem_2017.xlsx
2017,familiar,Q006,C,"De R$ 937,01 até R$ 1.405,50.",Qual é a renda mensal de sua família? (Some a sua renda com a dos seus familiares.),MICRODADOS_ENEM_2017,231,raw/microdados_enem_2017/DICIONÁRIO/Dicionário_Microdados_Enem_2017.xlsx
2017,familiar,Q006,D,"De R$ 1.405,51 até R$ 1.874,00.",Qual é a renda mensal de sua família? (Some a sua renda com a dos seus familiares.),MICRODADOS_ENEM_2017,232,raw/microdados_enem_2017/DICIONÁRIO/Dicionário_Microdados_Enem_2017.xlsx
2017,familiar,Q006,E,"De R$ 1.874,01 até R$ 2.342,50.",Qual é a renda mensal de sua família? (Some a sua renda com a dos seus familiares.),MICRODADOS_ENEM_2017,233,raw/microdados_enem_2017/DICIONÁRIO/Dicionário_Microdados_Enem_2017.xlsx
2017,familiar,Q006,F,"De R$ 2.342,51 até R$ 2.811,00.",Qual é a renda mensal de sua família? (Some a sua renda com a dos seus familiares.),MICRODADOS_ENEM_2017,234,raw/microdados_enem_2017/DICIONÁRIO/Dicionário_Microdados_Enem_2017.xlsx
2017,familiar,Q006,G,"De R$ 2.811,01 até R$ 3.748,00.",Qual é a renda mensal de sua família? (Some a sua renda com a dos seus familiares.),MICRODADOS_ENEM_2017,235,raw/microdados_enem_2017/DICIONÁRIO/Dicionário_Microdados_Enem_2017.xlsx
2017,familiar,Q006,H,"De R$ 3.748,01 até R$ 4.685,00.",Qual é a renda mensal de sua família? (Some a sua renda com a dos seus familiares.),MICRODADOS_ENEM_2017,236,raw/microdados_enem_2017/DICIONÁRIO/Dicionário_Microdados_Enem_2017.xlsx
2017,familiar,Q006,I,"De R$ 4.685,01 até R$ 5.622,00.",Qual é a renda mensal de sua família? (Some a sua renda com a dos seus familiares.),MICRODADOS_ENEM_2017,237,raw/microdados_enem_2017/DICIONÁRIO/Dicionário_Microdados_Enem_2017.xlsx
2017,familiar,Q006,J,"De R$ 5.622,01 até R$ 6.559,00.",Qual é a renda mensal de sua família? (Some a sua renda com a dos seus familiares.),MICRODADOS_ENEM_2017,238,raw/microdados_enem_2017/DICIONÁRIO/Dicionário_Microdados_Enem_2017.xlsx
2017,familiar,Q006,K,"De R$ 6.559,01 até R$ 7.496,00.",Qual é a renda mensal de sua família? (Some a sua renda com a dos seus familiares.),MICRODADOS_ENEM_2017,239,raw/microdados_enem_2017/DICIONÁRIO/Dicionário_Microdados_Enem_2017.xlsx
2017,familiar,Q006,L,"De R$ 7.496,01 até R$ 8.433,00.",Qual é a renda mensal de sua família? (Some a sua renda com a dos seus familiares.),MICRODADOS_ENEM_2017,240,raw/microdados_enem_2017/DICIONÁRIO/Dicionário_Microdados_Enem_2017.xlsx
2017,familiar,Q006,M,"De R$ 8.433,01 até R$ 9.370,00.",Qual é a renda mensal de sua família? (Some a sua renda com a dos seus familiares.),MICRODADOS_ENEM_2017,241,raw/microdados_enem_2017/DICIONÁRIO/Dicionário_Microdados_Enem_2017.xlsx
2017,familiar,Q006,N,"De R$ 9.370,01 até R$ 11.244,00.",Qual é a renda mensal de sua família? (Some a sua renda com a dos seus familiares.),MICRODADOS_ENEM_2017,242,raw/microdados_enem_2017/DICIONÁRIO/Dicionário_Microdados_Enem_2017.xlsx
2017,familiar,Q006,O,"De R$ 11.244,01 até R$ 14.055,00.",Qual é a renda mensal de sua família? (Some a sua renda com a dos seus familiares.),MICRODADOS_ENEM_2017,243,raw/microdados_enem_2017/DICIONÁRIO/Dicionário_Microdados_Enem_2017.xlsx
2017,familiar,Q006,P,"De R$ 14.055,01 até R$ 18.740,00.",Qual é a renda mensal de sua família? (Some a sua renda com a dos seus familiares.),MICRODADOS_ENEM_2017,244,raw/microdados_enem_2017/DICIONÁRIO/Dicionário_Microdados_Enem_2017.xlsx
2017,familiar,Q006,Q,"Mais de R$ 18.740,00.",Qual é a renda mensal de sua família? (Some a sua renda com a dos seus familiares.),MICRODADOS_ENEM_2017,245,raw/microdados_enem_2017/DICIONÁRIO/Dicionário_Microdados_Enem_2017.xlsx
2018,familiar,Q006,A,Nenhuma renda.,Qual é a renda mensal de sua família? (Some a sua renda com a dos seus familiares.),MICRODADOS_ENEM_2018,230,raw/microdados_enem_2018/DICIONÁRIO/Dicionário_Microdados_Enem_2018.xlsx
2018,familiar,Q006,B,"Até R$ 954,00.",Qual é a renda mensal de sua família? (Some a sua renda com a dos seus familiares.),MICRODADOS_ENEM_2018,231,raw/microdados_enem_2018/DICIONÁRIO/Dicionário_Microdados_Enem_2018.xlsx
2018,familiar,Q006,C,"De R$ 954,01 até R$ 1.431,00.",Qual é a renda mensal de sua família? (Some a sua renda com a dos seus familiares.),MICRODADOS_ENEM_2018,232,raw/microdados_enem_2018/DICIONÁRIO/Dicionário_Microdados_Enem_2018.xlsx
2018,familiar,Q006,D,"De R$ 1.431,01 até R$ 1.908,00.",Qual é a renda mensal de sua família? (Some a sua renda com a dos seus familiares.),MICRODADOS_ENEM_2018,233,raw/microdados_enem_2018/DICIONÁRIO/Dicionário_Microdados_Enem_2018.xlsx
2018,familiar,Q006,E,"De R$ 1.908,01 até R$ 2.385,00.",Qual é a renda mensal de sua família? (Some a sua renda com a dos seus familiares.),MICRODADOS_ENEM_2018,234,raw/microdados_enem_2018/DICIONÁRIO/Dicionário_Microdados_Enem_2018.xlsx
2018,familiar,Q006,F,"De R$ 2.385,01 até R$ 2.862,00.",Qual é a renda mensal de sua família? (Some a sua renda com a dos seus familiares.),MICRODADOS_ENEM_2018,235,raw/microdados_enem_2018/DICIONÁRIO/Dicionário_Microdados_Enem_2018.xlsx
2018,familiar,Q006,G,"De R$ 2.862,01 até R$ 3.816,00.",Qual é a renda mensal de sua família? (Some a sua renda com a dos seus familiares.),MICRODADOS_ENEM_2018,236,raw/microdados_enem_2018/DICIONÁRIO/Dicionário_Microdados_Enem_2018.xlsx
2018,familiar,Q006,H,"De R$ 3.816,01 até R$ 4.770,00.",Qual é a renda mensal de sua família? (Some a sua renda com a dos seus familiares.),MICRODADOS_ENEM_2018,237,raw/microdados_enem_2018/DICIONÁRIO/Dicionário_Microdados_Enem_2018.xlsx
2018,familiar,Q006,I,"De R$ 4.770,01 até R$ 5.724,00.",Qual é a renda mensal de sua família? (Some a sua renda com a dos seus familiares.),MICRODADOS_ENEM_2018,238,raw/microdados_enem_2018/DICIONÁRIO/Dicionário_Microdados_Enem_2018.xlsx
2018,familiar,Q006,J,"De R$ 5.724,01 até R$ 6.678,00.",Qual é a renda mensal de sua família? (Some a sua renda com a dos seus familiares.),MICRODADOS_ENEM_2018,239,raw/microdados_enem_2018/DICIONÁRIO/Dicionário_Microdados_Enem_2018.xlsx
2018,familiar,Q006,K,"De R$ 6.678,01 até R$ 7.632,00.",Qual é a renda mensal de sua família? (Some a sua renda com a dos seus familiares.),MICRODADOS_ENEM_2018,240,raw/microdados_enem_2018/DICIONÁRIO/Dicionário_Microdados_Enem_2018.xlsx
2018,familiar,Q006,L,"De R$ 7.632,01 até R$ 8.586,00.",Qual é a renda mensal de sua família? (Some a sua renda com a dos seus familiares.),MICRODADOS_ENEM_2018,241,raw/microdados_enem_2018/DICIONÁRIO/Dicionário_Microdados_Enem_2018.xlsx
2018,familiar,Q006,M,"De R$ 8.586,01 até R$ 9.540,00.",Qual é a renda mensal de sua família? (Some a sua renda com a dos seus familiares.),MICRODADOS_ENEM_2018,242,raw/microdados_enem_2018/DICIONÁRIO/Dicionário_Microdados_Enem_2018.xlsx
2018,familiar,Q006,N,"De R$ 9.540,01 até R$ 11.448,00.",Qual é a renda mensal de sua família? (Some a sua renda com a dos seus familiares.),MICRODADOS_ENEM_2018,243,raw/microdados_enem_2018/DICIONÁRIO/Dicionário_Microdados_Enem_2018.xlsx
2018,familiar,Q006,O,"De R$ 11.448,01 até R$ 14.310,00.",Qual é a renda mensal de sua família? (Some a sua renda com a dos seus familiares.),MICRODADOS_ENEM_2018,244,raw/microdados_enem_2018/DICIONÁRIO/Dicionário_Microdados_Enem_2018.xlsx
2018,familiar,Q006,P,"De R$ 14.310,01 até R$ 19.080,00.",Qual é a renda mensal de sua família? (Some a sua renda com a dos seus familiares.),MICRODADOS_ENEM_2018,245,raw/microdados_enem_2018/DICIONÁRIO/Dicionário_Microdados_Enem_2018.xlsx
2018,familiar,Q006,Q,"Mais de R$ 19.080,00.",Qual é a renda mensal de sua família? (Some a sua renda com a dos seus familiares.),MICRODADOS_ENEM_2018,246,raw/microdados_enem_2018/DICIONÁRIO/Dicionário_Microdados_Enem_2018.xlsx
2019,familiar,Q006,A,Nenhuma renda.,Qual é a renda mensal de sua família? (Some a sua renda com a dos seus familiares.),MICRODADOS_ENEM_2019,234,raw/microdados_enem_2019/DICIONÁRIO/Dicionário_Microdados_Enem_2019.xlsx
2019,familiar,Q006,B,"Até R$ 998,00.",Qual é a renda mensal de sua família? (Some a sua renda com a dos seus familiares.),MICRODADOS_ENEM_2019,235,raw/microdados_enem_2019/DICIONÁRIO/Dicionário_Microdados_Enem_2019.xlsx
2019,familiar,Q006,C,"De R$ 998,01 até R$ 1.497,00.",Qual é a renda mensal de sua família? (Some a sua renda com a dos seus familiares.),MICRODADOS_ENEM_2019,236,raw/microdados_enem_2019/DICIONÁRIO/Dicionário_Microdados_Enem_2019.xlsx
2019,familiar,Q006,D,"De R$ 1.497,01 até R$ 1.996,00.",Qual é a renda mensal de sua família? (Some a sua renda com a dos seus familiares.),MICRODADOS_ENEM_2019,237,raw/microdados_enem_2019/DICIONÁRIO/Dicionário_Microdados_Enem_2019.xlsx
2019,familiar,Q006,E,"De R$ 1.996,01 até R$ 2.495,00.",Qual é a renda mensal de sua família? (Some a sua renda com a dos seus familiares.),MICRODADOS_ENEM_2019,238,raw/microdados_enem_2019/DICIONÁRIO/Dicionário_Microdados_Enem_2019.xlsx
2019,familiar,Q006,F,"De R$ 2.495,01 até R$ 2.994,00.",Qual é a renda mensal de sua família? (Some a sua renda com a dos seus familiares.),MICRODADOS_ENEM_2019,239,raw/microdados_enem_2019/DICIONÁRIO/Dicionário_Microdados_Enem_2019.xlsx
2019,familiar,Q006,G,"De R$ 2.994,01 até R$ 3.992,00.",Qual é a renda mensal de sua família? (Some a sua renda com a dos seus familiares.),MICRODADOS_ENEM_2019,240,raw/microdados_enem_2019/DICIONÁRIO/Dicionário_Microdados_Enem_2019.xlsx
2019,familiar,Q006,H,"De R$ 3.992,01 até R$ 4.990,00.",Qual é a renda mensal de sua família? (Some a sua renda com a dos seus familiares.),MICRODADOS_ENEM_2019,241,raw/microdados_enem_2019/DICIONÁRIO/Dicionário_Microdados_Enem_2019.xlsx
2019,familiar,Q006,I,"De R$ 4.990,01 até R$ 5.988,00.",Qual é a renda mensal de sua família? (Some a sua renda com a dos seus familiares.),MICRODADOS_ENEM_2019,242,raw/microdados_enem_2019/DICIONÁRIO/Dicionário_Microdados_Enem_2019.xlsx
2019,familiar,Q006,J,"De R$ 5.988,01 até R$ 6.986,00.",Qual é a renda mensal de sua família? (Some a sua renda com a dos seus familiares.),MICRODADOS_ENEM_2019,243,raw/microdados_enem_2019/DICIONÁRIO/Dicionário_Microdados_Enem_2019.xlsx
2019,familiar,Q006,K,"De R$ 6.986,01 até R$ 7.984,00.",Qual é a renda mensal de sua família? (Some a sua renda com a dos seus familiares.),MICRODADOS_ENEM_2019,244,raw/microdados_enem_2019/DICIONÁRIO/Dicionário_Microdados_Enem_2019.xlsx
2019,familiar,Q006,L,"De R$ 7.984,01 até R$ 8.982,00.",Qual é a renda mensal de sua família? (Some a sua renda com a dos seus familiares.),MICRODADOS_ENEM_2019,245,raw/microdados_enem_2019/DICIONÁRIO/Dicionário_Microdados_Enem_2019.xlsx
2019,familiar,Q006,M,"De R$ 8.982,01 até R$ 9.980,00.",Qual é a renda mensal de sua família? (Some a sua renda com a dos seus familiares.),MICRODADOS_ENEM_2019,246,raw/microdados_enem_2019/DICIONÁRIO/Dicionário_Microdados_Enem_2019.xlsx
2019,familiar,Q006,N,"De R$ 9.980,01 até R$ 11.976,00.",Qual é a renda mensal de sua família? (Some a sua renda com a dos seus familiares.),MICRODADOS_ENEM_2019,247,raw/microdados_enem_2019/DICIONÁRIO/Dicionário_Microdados_Enem_2019.xlsx
2019,familiar,Q006,O,"De R$ 11.976,01 até R$ 14.970,00.",Qual é a renda mensal de sua família? (Some a sua renda com a dos seus familiares.),MICRODADOS_ENEM_2019,248,raw/microdados_enem_2019/DICIONÁRIO/Dicionário_Microdados_Enem_2019.xlsx
2019,familiar,Q006,P,"De R$ 14.970,01 até R$ 19.960,00.",Qual é a renda mensal de sua família? (Some a sua renda com a dos seus familiares.),MICRODADOS_ENEM_2019,249,raw/microdados_enem_2019/DICIONÁRIO/Dicionário_Microdados_Enem_2019.xlsx
2019,familiar,Q006,Q,"Mais de R$ 19.960,00.",Qual é a renda mensal de sua família? (Some a sua renda com a dos seus familiares.),MICRODADOS_ENEM_2019,250,raw/microdados_enem_2019/DICIONÁRIO/Dicionário_Microdados_Enem_2019.xlsx
2020,familiar,Q006,A,Nenhuma Renda,Qual é a renda mensal de sua família? (Some a sua renda com a dos seus familiares.),MICRODADOS_ENEM_2020,261,raw/microdados_enem_2020/DICIONÁRIO/Dicionário_Microdados_Enem_2020.xlsx
2020,familiar,Q006,B,"Até R$ 1.045,00",Qual é a renda mensal de sua família? (Some a sua renda com a dos seus familiares.),MICRODADOS_ENEM_2020,262,raw/microdados_enem_2020/DICIONÁRIO/Dicionário_Microdados_Enem_2020.xlsx
2020,familiar,Q006,C,"De R$ 1.045,01 até R$ 1.567,50",Qual é a renda mensal de sua família? (Some a sua renda com a dos seus familiares.),MICRODADOS_ENEM_2020,263,raw/microdados_enem_2020/DICIONÁRIO/Dicionário_Microdados_Enem_2020.xlsx
2020,familiar,Q006,D,"De R$ 1.567,51 até R$ 2.090,00",Qual é a renda mensal de sua família? (Some a sua renda com a dos seus familiares.),MICRODADOS_ENEM_2020,264,raw/microdados_enem_2020/DICIONÁRIO/Dicionário_Microdados_Enem_2020.xlsx
2020,familiar,Q006,E,"De R$ 2.090,01 até R$ 2.612,50",Qual é a renda mensal de sua família? (Some a sua renda com a dos seus familiares.),MICRODADOS_ENEM_2020,265,raw/microdados_enem_2020/DICIONÁRIO/Dicionário_Microdados_Enem_2020.xlsx
2020,familiar,Q006,F,"De R$ 2.612,51 até R$ 3.135,00",Qual é a renda mensal de sua família? (Some a sua renda com a dos seus familiares.),MICRODADOS_ENEM_2020,266,raw/microdados_enem_2020/DICIONÁRIO/Dicionário_Microdados_Enem_2020.xlsx
2020,familiar,Q006,G,"De R$ 3.135,01 até R$ 4.180,00",Qual é a renda mensal de sua família? (Some a sua renda com a dos seus familiares.),MICRODADOS_ENEM_2020,267,raw/microdados_enem_2020/DICIONÁRIO/Dicionário_Microdados_Enem_2020.xlsx
2020,familiar,Q006,H,"De R$ 4.180,01 até R$ 5.225,00",Qual é a renda mensal de sua família? (Some a sua renda com a dos seus familiares.),MICRODADOS_ENEM_2020,268,raw/microdados_enem_2020/DICIONÁRIO/Dicionário_Microdados_Enem_2020.xlsx
2020,familiar,Q006,I,"De R$ 5.225,01 até R$ 6.270,00",Qual é a renda mensal de sua família? (Some a sua renda com a dos seus familiares.),MICRODADOS_ENEM_2020,269,raw/microdados_enem_2020/DICIONÁRIO/Dicionário_Microdados_Enem_2020.xlsx
2020,familiar,Q006,J,"De R$ 6.270,01 até R$ 7.315,00",Qual é a renda mensal de sua família? (Some a sua renda com a dos seus familiares.),MICRODADOS_ENEM_2020,270,raw/microdados_enem_2020/DICIONÁRIO/Dicionário_Microdados_Enem_2020.xlsx
2020,familiar,Q006,K,"De R$ 7.315,01 até R$ 8.360,00",Qual é a renda mensal de sua família? (Some a sua renda com a dos seus familiares.),MICRODADOS_ENEM_2020,271,raw/microdados_enem_2020/DICIONÁRIO/Dicionário_Microdados_Enem_2020.xlsx
2020,familiar,Q006,L,"De R$ 8.360,01 até R$ 9.405,00",Qual é a renda mensal de sua família? (Some a sua renda com a dos seus familiares.),MICRODADOS_ENEM_2020,272,raw/microdados_enem_2020/DICIONÁRIO/Dicionário_Microdados_Enem_2020.xlsx
2020,familiar,Q006,M,"De R$ 9.405,01 até R$ 10.450,00",Qual é a renda mensal de sua família? (Some a sua renda com a dos seus familiares.),MICRODADOS_ENEM_2020,273,raw/microdados_enem_2020/DICIONÁRIO/Dicionário_Microdados_Enem_2020.xlsx
2020,familiar,Q006,N,"De R$ 10.450,01 até R$ 12.540,00",Qual é a renda mensal de sua família? (Some a sua renda com a dos seus familiares.),MICRODADOS_ENEM_2020,274,raw/microdados_enem_2020/DICIONÁRIO/Dicionário_Microdados_Enem_2020.xlsx
2020,familiar,Q006,O,"De R$ 12.540,01 até R$ 15.675,00",Qual é a renda mensal de sua família? (Some a sua renda com a dos seus familiares.),MICRODADOS_ENEM_2020,275,raw/microdados_enem_2020/DICIONÁRIO/Dicionário_Microdados_Enem_2020.xlsx
2020,familiar,Q006,P,"De R$ 15.675,01 até R$ 20.900,00",Qual é a renda mensal de sua família? (Some a sua renda com a dos seus familiares.),MICRODADOS_ENEM_2020,276,raw/microdados_enem_2020/DICIONÁRIO/Dicionário_Microdados_Enem_2020.xlsx
2020,familiar,Q006,Q,"Acima de R$ 20.900,00",Qual é a renda mensal de sua família? (Some a sua renda com a dos seus familiares.),MICRODADOS_ENEM_2020,277,raw/microdados_enem_2020/DICIONÁRIO/Dicionário_Microdados_Enem_2020.xlsx
2021,familiar,Q006,A,Nenhuma Renda,Qual é a renda mensal de sua família? (Some a sua renda com a dos seus familiares.),MICRODADOS_ENEM_2021,277,raw/microdados_enem_2021/DICIONÁRIO/Dicionário_Microdados_Enem_2021.xlsx
2021,familiar,Q006,B,"Até R$ 1.100,00",Qual é a renda mensal de sua família? (Some a sua renda com a dos seus familiares.),MICRODADOS_ENEM_2021,278,raw/microdados_enem_2021/DICIONÁRIO/Dicionário_Microdados_Enem_2021.xlsx
2021,familiar,Q006,C,"De R$ 1.100,01 até R$ 1.650,00.",Qual é a renda mensal de sua família? (Some a sua renda com a dos seus familiares.),MICRODADOS_ENEM_2021,279,raw/microdados_enem_2021/DICIONÁRIO/Dicionário_Microdados_Enem_2021.xlsx
2021,familiar,Q006,D,"De R$ 1.650,01 até R$ 2.200,00.",Qual é a renda mensal de sua família? (Some a sua renda com a dos seus familiares.),MICRODADOS_ENEM_2021,280,raw/microdados_enem_2021/DICIONÁRIO/Dicionário_Microdados_Enem_2021.xlsx
2021,familiar,Q006,E,"De R$ 2.200,01 até R$ 2.750,00.",Qual é a renda mensal de sua família? (Some a sua renda com a dos seus familiares.),MICRODADOS_ENEM_2021,281,raw/microdados_enem_2021/DICIONÁRIO/Dicionário_Microdados_Enem_2021.xlsx
2021,familiar,Q006,F,"De R$ 2.750,01 até R$ 3.300,00.",Qual é a renda mensal de sua família? (Some a sua renda com a dos seus familiares.),MICRODADOS_ENEM_2021,282,raw/microdados_enem_2021/DICIONÁRIO/Dicionário_Microdados_Enem_2021.xlsx
2021,familiar,Q006,G,"De R$ 3.300,01 até R$ 4.400,00.",Qual é a renda mensal de sua família? (Some a sua renda com a dos seus familiares.),MICRODADOS_ENEM_2021,283,raw/microdados_enem_2021/DICIONÁRIO/Dicionário_Microdados_Enem_2021.xlsx
2021,familiar,Q006,H,"De R$ 4.400,01 até R$ 5.500,00.",Qual é a renda mensal de sua família? (Some a sua renda com a dos seus familiares.),MICRODADOS_ENEM_2021,284,raw/microdados_enem_2021/DICIONÁRIO/Dicionário_Microdados_Enem_2021.xlsx
2021,familiar,Q006,I,"De R$ 5.500,01 até R$ 6.600,00.",Qual é a renda mensal de sua família? (Some a sua renda com a dos seus familiares.),MICRODADOS_ENEM_2021,285,raw/microdados_enem_2021/DICIONÁRIO/Dicionário_Microdados_Enem_2021.xlsx
2021,familiar,Q006,J,"De R$ 6.600,01 até R$ 7.700,00.",Qual é a renda mensal de sua família? (Some a sua renda com a dos seus familiares.),MICRODADOS_ENEM_2021,286,raw/microdados_enem_2021/DICIONÁRIO/Dicionário_Microdados_Enem_2021.xlsx
2021,familiar,Q006,K,"De R$ 7.700,01 até R$ 8.800,00.",Qual é a renda mensal de sua família? (Some a sua renda com a dos seus familiares.),MICRODADOS_ENEM_2021,287,raw/microdados_enem_2021/DICIONÁRIO/Dicionário_Microdados_Enem_2021.xlsx
2021,familiar,Q006,L,"De R$ 8.800,01 até R$ 9.900,00.",Qual é a renda mensal de sua família? (Some a sua renda com a dos seus familiares.),MICRODADOS_ENEM_2021,288,raw/microdados_enem_2021/DICIONÁRIO/Dicionário_Microdados_Enem_2021.xlsx
2021,familiar,Q006,M,"De R$ 9.900,01 até R$ 11.000,00.",Qual é a renda mensal de sua família? (Some a sua renda com a dos seus familiares.),MICRODADOS_ENEM_2021,289,raw/microdados_enem_2021/DICIONÁRIO/Dicionário_Microdados_Enem_2021.xlsx
2021,familiar,Q006,N,"De R$ 11.000,01 até R$ 13.200,00.",Qual é a renda mensal de sua família? (Some a sua renda com a dos seus familiares.),MICRODADOS_ENEM_2021,290,raw/microdados_enem_2021/DICIONÁRIO/Dicionário_Microdados_Enem_2021.xlsx
2021,familiar,Q006,O,"De R$ 13.200,01 até R$ 16.500,00.",Qual é a renda mensal de sua família? (Some a sua renda com a dos seus familiares.),MICRODADOS_ENEM_2021,291,raw/microdados_enem_2021/DICIONÁRIO/Dicionário_Microdados_Enem_2021.xlsx
2021,familiar,Q006,P,"De R$ 16.500,01 até R$ 22.000,00.",Qual é a renda mensal de sua família? (Some a sua renda com a dos seus familiares.),MICRODADOS_ENEM_2021,292,raw/microdados_enem_2021/DICIONÁRIO/Dicionário_Microdados_Enem_2021.xlsx
2021,familiar,Q006,Q,"Acima de R$ 22.000,00.",Qual é a renda mensal de sua família? (Some a sua renda com a dos seus familiares.),MICRODADOS_ENEM_2021,293,raw/microdados_enem_2021/DICIONÁRIO/Dicionário_Microdados_Enem_2021.xlsx
2022,familiar,Q006,A,Nenhuma Renda,Qual é a renda mensal de sua família? (Some a sua renda com a dos seus familiares.),MICRODADOS_ENEM_2022,250,raw/microdados_enem_2022/DICIONÁRIO/Dicionário_Microdados_Enem_2022.xlsx
2022,familiar,Q006,B,"Até R$ 1.212,00",Qual é a renda mensal de sua família? (Some a sua renda com a dos seus familiares.),MICRODADOS_ENEM_2022,251,raw/microdados_enem_2022/DICIONÁRIO/Dicionário_Microdados_Enem_2022.xlsx
2022,familiar,Q006,C,"De R$ 1.212,01 até R$ 1.818,00.",Qual é a renda mensal de sua família? (Some a sua renda com a dos seus familiares.),MICRODADOS_ENEM_2022,252,raw/microdados_enem_2022/DICIONÁRIO/Dicionário_Microdados_Enem_2022.xlsx
2022,familiar,Q006,D,"De R$ 1.818,01 até R$ 2.424,00.",Qual é a renda mensal de sua família? (Some a sua renda com a dos seus familiares.),MICRODADOS_ENEM_2022,253,raw/microdados_enem_2022/DICIONÁRIO/Dicionário_Microdados_Enem_2022.xlsx
2022,familiar,Q006,E,"De R$ 2.424,01 até R$ 3.030,00.",Qual é a renda mensal de sua família? (Some a sua renda com a dos seus familiares.),MICRODADOS_ENEM_2022,254,raw/microdados_enem_2022/DICIONÁRIO/Dicionário_Microdados_Enem_2022.xlsx
2022,familiar,Q006,F,"De R$ 3.030,01 até R$ 3.636,00.",Qual é a renda mensal de sua família? (Some a sua renda com a dos seus familiares.),MICRODADOS_ENEM_2022,255,raw/microdados_enem_2022/DICIONÁRIO/Dicionário_Microdados_Enem_2022.xlsx
2022,familiar,Q006,G,"De R$ 3.636,01 até R$ 4.848,00.",Qual é a renda mensal de sua família? (Some a sua renda com a dos seus familiares.),MICRODADOS_ENEM_2022,256,raw/microdados_enem_2022/DICIONÁRIO/Dicionário_Microdados_Enem_2022.xlsx
2022,familiar,Q006,H,"De R$ 4.848,01 até R$ 6.060,00.",Qual é a renda mensal de sua família? (Some a sua renda com a dos seus familiares.),MICRODADOS_ENEM_2022,257,raw/microdados_enem_2022/DICIONÁRIO/Dicionário_Microdados_Enem_2022.xlsx
2022,familiar,Q006,I,"De R$ 6.060,01 até R$ 7.272,00.",Qual é a renda mensal de sua família? (Some a sua renda com a dos seus familiares.),MICRODADOS_ENEM_2022,258,raw/microdados_enem_2022/DICIONÁRIO/Dicionário_Microdados_Enem_2022.xlsx
2022,familiar,Q006,J,"De R$ 7.272,01 até R$ 8.484,00.",Qual é a renda mensal de sua família? (Some a sua renda com a dos seus familiares.),MICRODADOS_ENEM_2022,259,raw/microdados_enem_2022/DICIONÁRIO/Dicionário_Microdados_Enem_2022.xlsx
2022,familiar,Q006,K,"De R$ 8.484,01 até R$ 9.696,00.",Qual é a renda mensal de sua família? (Some a sua renda com a dos seus familiares.),MICRODADOS_ENEM_2022,260,raw/microdados_enem_2022/DICIONÁRIO/Dicionário_Microdados_Enem_2022.xlsx
2022,familiar,Q006,L,"De R$ 9.696,01 até R$ 10.908,00.",Qual é a renda mensal de sua família? (Some a sua renda com a dos seus familiares.),MICRODADOS_ENEM_2022,261,raw/microdados_enem_2022/DICIONÁRIO/Dicionário_Microdados_Enem_2022.xlsx
2022,familiar,Q006,M,"De R$ 10.908,01 até R$ 12.120,00.",Qual é a renda mensal de sua família? (Some a sua renda com a dos seus familiares.),MICRODADOS_ENEM_2022,262,raw/microdados_enem_2022/DICIONÁRIO/Dicionário_Microdados_Enem_2022.xlsx
2022,familiar,Q006,N,"De R$ 12.120,01 até R$ 14.544,00.",Qual é a renda mensal de sua família? (Some a sua renda com a dos seus familiares.),MICRODADOS_ENEM_2022,263,raw/microdados_enem_2022/DICIONÁRIO/Dicionário_Microdados_Enem_2022.xlsx
2022,familiar,Q006,O,"De R$ 14.544,01 até R$ 18.180,00.",Qual é a renda mensal de sua família? (Some a sua renda com a dos seus familiares.),MICRODADOS_ENEM_2022,264,raw/microdados_enem_2022/DICIONÁRIO/Dicionário_Microdados_Enem_2022.xlsx
2022,familiar,Q006,P,"De R$ 18.180,01 até R$ 24.240,00.",Qual é a renda mensal de sua família? (Some a sua renda com a dos seus familiares.),MICRODADOS_ENEM_2022,265,raw/microdados_enem_2022/DICIONÁRIO/Dicionário_Microdados_Enem_2022.xlsx
2022,familiar,Q006,Q,"Acima de R$ 24.240,00.",Qual é a renda mensal de sua família? (Some a sua renda com a dos seus familiares.),MICRODADOS_ENEM_2022,266,raw/microdados_enem_2022/DICIONÁRIO/Dicionário_Microdados_Enem_2022.xlsx
2023,familiar,Q006,A,Nenhuma Renda,Qual é a renda mensal de sua família? (Some a sua renda com a dos seus familiares.),MICRODADOS_ENEM_2023,247,raw/microdados_enem_2023/microdados_enem_2023/DICIONÁRIO/Dicionário_Microdados_Enem_2023.xlsx
2023,familiar,Q006,B,"Até R$ 1.320,00",Qual é a renda mensal de sua família? (Some a sua renda com a dos seus familiares.),MICRODADOS_ENEM_2023,248,raw/microdados_enem_2023/microdados_enem_2023/DICIONÁRIO/Dicionário_Microdados_Enem_2023.xlsx
2023,familiar,Q006,C,"De R$ 1.320,01 até R$ 1.980,00.",Qual é a renda mensal de sua família? (Some a sua renda com a dos seus familiares.),MICRODADOS_ENEM_2023,249,raw/microdados_enem_2023/microdados_enem_2023/DICIONÁRIO/Dicionário_Microdados_Enem_2023.xlsx
2023,familiar,Q006,D,"De R$ 1.980,01 até R$ 2.640,00.",Qual é a renda mensal de sua família? (Some a sua renda com a dos seus familiares.),MICRODADOS_ENEM_2023,250,raw/microdados_enem_2023/microdados_enem_2023/DICIONÁRIO/Dicionário_Microdados_Enem_2023.xlsx
2023,familiar,Q006,E,"De R$ 2.640,01 até R$ 3.300,00.",Qual é a renda mensal de sua família? (Some a sua renda com a dos seus familiares.),MICRODADOS_ENEM_2023,251,raw/microdados_enem_2023/microdados_enem_2023/DICIONÁRIO/Dicionário_Microdados_Enem_2023.xlsx
2023,familiar,Q006,F,"De R$ 3.300,01 até R$ 3.960,00.",Qual é a renda mensal de sua família? (Some a sua renda com a dos seus familiares.),MICRODADOS_ENEM_2023,252,raw/microdados_enem_2023/microdados_enem_2023/DICIONÁRIO/Dicionário_Microdados_Enem_2023.xlsx
2023,familiar,Q006,G,"De R$ 3.960,01 até R$ 5.280,00.",Qual é a renda mensal de sua família? (Some a sua renda com a dos seus familiares.),MICRODADOS_ENEM_2023,253,raw/microdados_enem_2023/microdados_enem_2023/DICIONÁRIO/Dicionário_Microdados_Enem_2023.xlsx
2023,familiar,Q006,H,"De R$ 5.280,01 até R$ 6.600,00.",Qual é a renda mensal de sua família? (Some a sua renda com a dos seus familiares.),MICRODADOS_ENEM_2023,254,raw/microdados_enem_2023/microdados_enem_2023/DICIONÁRIO/Dicionário_Microdados_Enem_2023.xlsx
2023,familiar,Q006,I,"De R$ 6.600,01 até R$ 7.920,00.",Qual é a renda mensal de sua família? (Some a sua renda com a dos seus familiares.),MICRODADOS_ENEM_2023,255,raw/microdados_enem_2023/microdados_enem_2023/DICIONÁRIO/Dicionário_Microdados_Enem_2023.xlsx
2023,familiar,Q006,J,"De R$ 7.920,01 até R$ 9240,00.",Qual é a renda mensal de sua família? (Some a sua renda com a dos seus familiares.),MICRODADOS_ENEM_2023,256,raw/microdados_enem_2023/microdados_enem_2023/DICIONÁRIO/Dicionário_Microdados_Enem_2023.xlsx
2023,familiar,Q006,K,"De R$ 9.240,01 até R$ 10.560,00.",Qual é a renda mensal de sua família? (Some a sua renda com a dos seus familiares.),MICRODADOS_ENEM_2023,257,raw/microdados_enem_2023/microdados_enem_2023/DICIONÁRIO/Dicionário_Microdados_Enem_2023.xlsx
2023,familiar,Q006,L,"De R$ 10.560,01 até R$ 11.880,00.",Qual é a renda mensal de sua família? (Some a sua renda com a dos seus familiares.),MICRODADOS_ENEM_2023,258,raw/microdados_enem_2023/microdados_enem_2023/DICIONÁRIO/Dicionário_Microdados_Enem_2023.xlsx
2023,familiar,Q006,M,"De R$ 11.880,01 até R$ 13.200,00.",Qual é a renda mensal de sua família? (Some a sua renda com a dos seus familiares.),MICRODADOS_ENEM_2023,259,raw/microdados_enem_2023/microdados_enem_2023/DICIONÁRIO/Dicionário_Microdados_Enem_2023.xlsx
2023,familiar,Q006,N,"De R$ 13.200,01 até R$ 15.840,00.",Qual é a renda mensal de sua família? (Some a sua renda com a dos seus familiares.),MICRODADOS_ENEM_2023,260,raw/microdados_enem_2023/microdados_enem_2023/DICIONÁRIO/Dicionário_Microdados_Enem_2023.xlsx
2023,familiar,Q006,O,"De R$ 15.840,01 até R$19.800,00.",Qual é a renda mensal de sua família? (Some a sua renda com a dos seus familiares.),MICRODADOS_ENEM_2023,261,raw/microdados_enem_2023/microdados_enem_2023/DICIONÁRIO/Dicionário_Microdados_Enem_2023.xlsx
2023,familiar,Q006,P,"De R$ 19.800,01 até R$ 26.400,00.",Qual é a renda mensal de sua família? (Some a sua renda com a dos seus familiares.),MICRODADOS_ENEM_2023,262,raw/microdados_enem_2023/microdados_enem_2023/DICIONÁRIO/Dicionário_Microdados_Enem_2023.xlsx
2023,familiar,Q006,Q,"Acima de R$ 26.400,00.",Qual é a renda mensal de sua família? (Some a sua renda com a dos seus familiares.),MICRODADOS_ENEM_2023,263,raw/microdados_enem_2023/microdados_enem_2023/DICIONÁRIO/Dicionário_Microdados_Enem_2023.xlsx
2024,familiar,Q007,A,Nenhuma Renda,Qual é a renda mensal de sua família? (Considere a sua renda com a das pessoas que moram com você.),PARTICIPANTES_2024,134,raw/microdados_enem_2024/microdados_enem_2024/DICIONÁRIO/Dicionário_Microdados_Enem_2024.xlsx
2024,familiar,Q007,B,"Até R$ 1.412,00.",Qual é a renda mensal de sua família? (Considere a sua renda com a das pessoas que moram com você.),PARTICIPANTES_2024,135,raw/microdados_enem_2024/microdados_enem_2024/DICIONÁRIO/Dicionário_Microdados_Enem_2024.xlsx
2024,familiar,Q007,C,"De R$ 1.412,01 até R$ 2.118,00.",Qual é a renda mensal de sua família? (Considere a sua renda com a das pessoas que moram com você.),PARTICIPANTES_2024,136,raw/microdados_enem_2024/microdados_enem_2024/DICIONÁRIO/Dicionário_Microdados_Enem_2024.xlsx
2024,familiar,Q007,D,"De R$ 2.118,01 até R$ 2.824,00.",Qual é a renda mensal de sua família? (Considere a sua renda com a das pessoas que moram com você.),PARTICIPANTES_2024,137,raw/microdados_enem_2024/microdados_enem_2024/DICIONÁRIO/Dicionário_Microdados_Enem_2024.xlsx
2024,familiar,Q007,E,"De R$ 2.824,01 até R$ 3.530,00.",Qual é a renda mensal de sua família? (Considere a sua renda com a das pessoas que moram com você.),PARTICIPANTES_2024,138,raw/microdados_enem_2024/microdados_enem_2024/DICIONÁRIO/Dicionário_Microdados_Enem_2024.xlsx
2024,familiar,Q007,F,"De R$ 3.530,01 até R$ 4.236,00.",Qual é a renda mensal de sua família? (Considere a sua renda com a das pessoas que moram com você.),PARTICIPANTES_2024,139,raw/microdados_enem_2024/microdados_enem_2024/DICIONÁRIO/Dicionário_Microdados_Enem_2024.xlsx
2024,familiar,Q007,G,"De R$ 4.236,01 até R$ 5.648,00.",Qual é a renda mensal de sua família? (Considere a sua renda com a das pessoas que moram com você.),PARTICIPANTES_2024,140,raw/microdados_enem_2024/microdados_enem_2024/DICIONÁRIO/Dicionário_Microdados_Enem_2024.xlsx
2024,familiar,Q007,H,"De R$ 5.648,01 até R$ 7.060,00.",Qual é a renda mensal de sua família? (Considere a sua renda com a das pessoas que moram com você.),PARTICIPANTES_2024,141,raw/microdados_enem_2024/microdados_enem_2024/DICIONÁRIO/Dicionário_Microdados_Enem_2024.xlsx
2024,familiar,Q007,I,"De R$ 7.060,01 até R$ 8.472,00.",Qual é a renda mensal de sua família? (Considere a sua renda com a das pessoas que moram com você.),PARTICIPANTES_2024,142,raw/microdados_enem_2024/microdados_enem_2024/DICIONÁRIO/Dicionário_Microdados_Enem_2024.xlsx
2024,familiar,Q007,J,"De R$ 8.472,01 até R$9.884,00.",Qual é a renda mensal de sua família? (Considere a sua renda com a das pessoas que moram com você.),PARTICIPANTES_2024,143,raw/microdados_enem_2024/microdados_enem_2024/DICIONÁRIO/Dicionário_Microdados_Enem_2024.xlsx
2024,familiar,Q007,K,"De R$ 9.884,01 até R$ 11.296,00.",Qual é a renda mensal de sua família? (Considere a sua renda com a das pessoas que moram com você.),PARTICIPANTES_2024,144,raw/microdados_enem_2024/microdados_enem_2024/DICIONÁRIO/Dicionário_Microdados_Enem_2024.xlsx
2024,familiar,Q007,L,"De R$ 11.296,01 até R$ 12.708,00.",Qual é a renda mensal de sua família? (Considere a sua renda com a das pessoas que moram com você.),PARTICIPANTES_2024,145,raw/microdados_enem_2024/microdados_enem_2024/DICIONÁRIO/Dicionário_Microdados_Enem_2024.xlsx
2024,familiar,Q007,M,"De R$ 12.708,01 até R$ 14.120,00.",Qual é a renda mensal de sua família? (Considere a sua renda com a das pessoas que moram com você.),PARTICIPANTES_2024,146,raw/microdados_enem_2024/microdados_enem_2024/DICIONÁRIO/Dicionário_Microdados_Enem_2024.xlsx
2024,familiar,Q007,N,"De R$ 14.120,01 até R$ 16.944,00.",Qual é a renda mensal de sua família? (Considere a sua renda com a das pessoas que moram com você.),PARTICIPANTES_2024,147,raw/microdados_enem_2024/microdados_enem_2024/DICIONÁRIO/Dicionário_Microdados_Enem_2024.xlsx
2024,familiar,Q007,O,"De R$ 16.944,01 até R$ 21.180,00.",Qual é a renda mensal de sua família? (Considere a sua renda com a das pessoas que moram com você.),PARTICIPANTES_2024,148,raw/microdados_enem_2024/microdados_enem_2024/DICIONÁRIO/Dicionário_Microdados_Enem_2024.xlsx
2024,familiar,Q007,P,"De R$ 21.180,01 até R$ 28.240,00.",Qual é a renda mensal de sua família? (Considere a sua renda com a das pessoas que moram com você.),PARTICIPANTES_2024,149,raw/microdados_enem_2024/microdados_enem_2024/DICIONÁRIO/Dicionário_Microdados_Enem_2024.xlsx
2024,familiar,Q007,Q,"Acima de R$ 28.240,00.",Qual é a renda mensal de sua família? (Considere a sua renda com a das pessoas que moram com você.),PARTICIPANTES_2024,150,raw/microdados_enem_2024/microdados_enem_2024/DICIONÁRIO/Dicionário_Microdados_Enem_2024.xlsx
2024,possui_renda,Q006,A,Não,Você possui renda?,PARTICIPANTES_2024,132,raw/microdados_enem_2024/microdados_enem_2024/DICIONÁRIO/Dicionário_Microdados_Enem_2024.xlsx
2024,possui_renda,Q006,B,Sim,Você possui renda?,PARTICIPANTES_2024,133,raw/microdados_enem_2024/microdados_enem_2024/DICIONÁRIO/Dicionário_Microdados_Enem_2024.xlsx
2025,familiar,Q007,A,Nenhuma renda,Qual é a renda mensal de sua família? (Considere a sua renda com a das pessoas que moram com você),PARTICIPANTES_2025,186,raw/microdados_enem_2025/microdados_enem_2025/DICIONÁRIO/Dicionário_Microdados_Enem_2025.xlsx
2025,familiar,Q007,B,"Até R$ 1.518,00",Qual é a renda mensal de sua família? (Considere a sua renda com a das pessoas que moram com você),PARTICIPANTES_2025,187,raw/microdados_enem_2025/microdados_enem_2025/DICIONÁRIO/Dicionário_Microdados_Enem_2025.xlsx
2025,familiar,Q007,C,"De R$ 1.518,01 até R$ 2.277,00",Qual é a renda mensal de sua família? (Considere a sua renda com a das pessoas que moram com você),PARTICIPANTES_2025,188,raw/microdados_enem_2025/microdados_enem_2025/DICIONÁRIO/Dicionário_Microdados_Enem_2025.xlsx
2025,familiar,Q007,D,"De R$ 2.277,01 até R$ 3.036,00",Qual é a renda mensal de sua família? (Considere a sua renda com a das pessoas que moram com você),PARTICIPANTES_2025,189,raw/microdados_enem_2025/microdados_enem_2025/DICIONÁRIO/Dicionário_Microdados_Enem_2025.xlsx
2025,familiar,Q007,E,"De R$ 3.036,01 até R$ 3.795,00",Qual é a renda mensal de sua família? (Considere a sua renda com a das pessoas que moram com você),PARTICIPANTES_2025,190,raw/microdados_enem_2025/microdados_enem_2025/DICIONÁRIO/Dicionário_Microdados_Enem_2025.xlsx
2025,familiar,Q007,F,"De R$ 3.795,01 até R$ 4.554,00",Qual é a renda mensal de sua família? (Considere a sua renda com a das pessoas que moram com você),PARTICIPANTES_2025,191,raw/microdados_enem_2025/microdados_enem_2025/DICIONÁRIO/Dicionário_Microdados_Enem_2025.xlsx
2025,familiar,Q007,G,"De R$ 4.554,01 até R$ 6.072,00",Qual é a renda mensal de sua família? (Considere a sua renda com a das pessoas que moram com você),PARTICIPANTES_2025,192,raw/microdados_enem_2025/microdados_enem_2025/DICIONÁRIO/Dicionário_Microdados_Enem_2025.xlsx
2025,familiar,Q007,H,"De R$ 6.072,01 até R$ 7.590,00",Qual é a renda mensal de sua família? (Considere a sua renda com a das pessoas que moram com você),PARTICIPANTES_2025,193,raw/microdados_enem_2025/microdados_enem_2025/DICIONÁRIO/Dicionário_Microdados_Enem_2025.xlsx
2025,familiar,Q007,I,"De R$ 7.590,01 até R$ 9.108,00",Qual é a renda mensal de sua família? (Considere a sua renda com a das pessoas que moram com você),PARTICIPANTES_2025,194,raw/microdados_enem_2025/microdados_enem_2025/DICIONÁRIO/Dicionário_Microdados_Enem_2025.xlsx
2025,familiar,Q007,J,"De R$ 9.108,01 até R$10.626,00",Qual é a renda mensal de sua família? (Considere a sua renda com a das pessoas que moram com você),PARTICIPANTES_2025,195,raw/microdados_enem_2025/microdados_enem_2025/DICIONÁRIO/Dicionário_Microdados_Enem_2025.xlsx
2025,familiar,Q007,K,"De R$ 10.626,01 até R$ 12.144,00",Qual é a renda mensal de sua família? (Considere a sua renda com a das pessoas que moram com você),PARTICIPANTES_2025,196,raw/microdados_enem_2025/microdados_enem_2025/DICIONÁRIO/Dicionário_Microdados_Enem_2025.xlsx
2025,familiar,Q007,L,"De R$ 12.144,01 até R$ 13.662,00",Qual é a renda mensal de sua família? (Considere a sua renda com a das pessoas que moram com você),PARTICIPANTES_2025,197,raw/microdados_enem_2025/microdados_enem_2025/DICIONÁRIO/Dicionário_Microdados_Enem_2025.xlsx
2025,familiar,Q007,M,"De R$ 13.662,01 até R$ 15.180,00",Qual é a renda mensal de sua família? (Considere a sua renda com a das pessoas que moram com você),PARTICIPANTES_2025,198,raw/microdados_enem_2025/microdados_enem_2025/DICIONÁRIO/Dicionário_Microdados_Enem_2025.xlsx
2025,familiar,Q007,N,"De R$ 15.180,01 até R$ 18.216,00",Qual é a renda mensal de sua família? (Considere a sua renda com a das pessoas que moram com você),PARTICIPANTES_2025,199,raw/microdados_enem_2025/microdados_enem_2025/DICIONÁRIO/Dicionário_Microdados_Enem_2025.xlsx
2025,familiar,Q007,O,"De R$ 18.216,01 até R$ 22.770,00",Qual é a renda mensal de sua família? (Considere a sua renda com a das pessoas que moram com você),PARTICIPANTES_2025,200,raw/microdados_enem_2025/microdados_enem_2025/DICIONÁRIO/Dicionário_Microdados_Enem_2025.xlsx
2025,familiar,Q007,P,"De R$ 22.770,01 até R$ 30.360,00",Qual é a renda mensal de sua família? (Considere a sua renda com a das pessoas que moram com você),PARTICIPANTES_2025,201,raw/microdados_enem_2025/microdados_enem_2025/DICIONÁRIO/Dicionário_Microdados_Enem_2025.xlsx
2025,familiar,Q007,Q,"Acima de R$ 30.360,00",Qual é a renda mensal de sua família? (Considere a sua renda com a das pessoas que moram com você),PARTICIPANTES_2025,202,raw/microdados_enem_2025/microdados_enem_2025/DICIONÁRIO/Dicionário_Microdados_Enem_2025.xlsx
2025,possui_renda,Q006,A,Não,Você possui renda?,PARTICIPANTES_2025,184,raw/microdados_enem_2025/microdados_enem_2025/DICIONÁRIO/Dicionário_Microdados_Enem_2025.xlsx
2025,possui_renda,Q006,B,Sim,Você possui renda?,PARTICIPANTES_2025,185,raw/microdados_enem_2025/microdados_enem_2025/DICIONÁRIO/Dicionário_Microdados_Enem_2025.xlsx
