ano,estado_fisico,campos_principais,participacao,objetivas,redacao,local_aplicacao,rede,renda_familiar,renda_propria,dia1,dia2,cruzamento_renda_notas,confianca_schema,confianca_cobertura
2010,dados + dicionario + LeiaMe presentes,105,adaptar pares por dia,compatível estrutural; comparação condicionada,recodificação histórica obrigatória,compatível estrutural; geografia histórica,disponível; cobertura/proveniência condicionadas,Q04,Q05,CH+CN,LC+MT,mesmo arquivo; validar chave,alta: cabeçalho + dicionário,não medida integralmente
2011,dados + dicionario + LeiaMe presentes,128,adaptar pares por dia,compatível estrutural; comparação condicionada,recodificação histórica obrigatória,compatível estrutural; geografia histórica,disponível; cobertura/proveniência condicionadas,Q004,Q005,CH+CN,LC+MT,mesmo arquivo; validar chave,alta: cabeçalho + dicionário,não medida integralmente
2012,dados + dicionario + LeiaMe presentes,115,adaptar pares por dia,compatível estrutural; comparação condicionada,recodificação histórica obrigatória,compatível estrutural; geografia histórica,disponível; cobertura/proveniência condicionadas,Q003,sem equivalente direto identificado,CH+CN,LC+MT,mesmo arquivo; validar chave,alta: cabeçalho + dicionário,não medida integralmente
2013,dados + dicionario + LeiaMe presentes,130,adaptar pares por dia,compatível estrutural; comparação condicionada,recodificação histórica obrigatória,compatível estrutural; geografia histórica,disponível; cobertura/proveniência condicionadas,Q003,sem equivalente direto identificado,CH+CN,LC+MT,mesmo arquivo; validar chave,alta: cabeçalho + dicionário,não medida integralmente
2014,dados + dicionario + LeiaMe presentes,130,adaptar pares por dia,compatível estrutural; comparação condicionada,recodificação histórica obrigatória,compatível estrutural; geografia histórica,disponível; cobertura/proveniência condicionadas,Q003,sem equivalente direto identificado,CH+CN,LC+MT,mesmo arquivo; validar chave,alta: cabeçalho + dicionário,não medida integralmente
2015,dados + dicionario + LeiaMe presentes,105,adaptar pares por dia,compatível estrutural; comparação condicionada,recodificação histórica obrigatória,compatível estrutural; geografia histórica,disponível; cobertura/proveniência condicionadas,Q006,sem equivalente direto identificado,CH+CN,LC+MT,mesmo arquivo; validar chave,alta: cabeçalho + dicionário,não medida integralmente
2016,dados + dicionario + LeiaMe presentes,105,adaptar pares por dia,compatível estrutural; comparação condicionada,recodificação histórica obrigatória,compatível estrutural; geografia histórica,disponível; cobertura/proveniência condicionadas,Q006,sem equivalente direto identificado,CH+CN,LC+MT,mesmo arquivo; validar chave,alta: cabeçalho + dicionário,não medida integralmente
2017,dados + dicionario + LeiaMe presentes,78,compatível estrutural,compatível estrutural; comparação condicionada,compatível estrutural; rubrica/seleção condicionadas,compatível estrutural; geografia histórica,disponível; cobertura/proveniência condicionadas,Q006,sem equivalente direto identificado,LC+CH,CN+MT,mesmo arquivo; validar chave,alta: cabeçalho + dicionário,não medida integralmente
2018,dados + dicionario + LeiaMe presentes,78,compatível estrutural,compatível estrutural; comparação condicionada,compatível estrutural; rubrica/seleção condicionadas,compatível estrutural; geografia histórica,disponível; cobertura/proveniência condicionadas,Q006,sem equivalente direto identificado,LC+CH,CN+MT,mesmo arquivo; validar chave,alta: cabeçalho + dicionário,não medida integralmente
2019,dados + dicionario + LeiaMe presentes,76,compatível estrutural,compatível estrutural; comparação condicionada,compatível estrutural; rubrica/seleção condicionadas,compatível estrutural; geografia histórica,disponível; cobertura/proveniência condicionadas,Q006,sem equivalente direto identificado,LC+CH,CN+MT,mesmo arquivo; validar chave,alta: cabeçalho + dicionário,não medida integralmente
2020,dados + dicionario + LeiaMe presentes,76,compatível estrutural,compatível estrutural; comparação condicionada,compatível estrutural; rubrica/seleção condicionadas,compatível estrutural; geografia histórica,disponível; cobertura/proveniência condicionadas,Q006,sem equivalente direto identificado,LC+CH,CN+MT,mesmo arquivo; validar chave,alta: cabeçalho + dicionário,não medida integralmente
2021,dados + dicionario + LeiaMe presentes,76,compatível estrutural,compatível estrutural; comparação condicionada,compatível estrutural; rubrica/seleção condicionadas,compatível estrutural; geografia histórica,disponível; cobertura/proveniência condicionadas,Q006,sem equivalente direto identificado,LC+CH,CN+MT,mesmo arquivo; validar chave,alta: cabeçalho + dicionário,não medida integralmente
2022,dados + dicionario + LeiaMe presentes,76,compatível estrutural,compatível estrutural; comparação condicionada,compatível estrutural; rubrica/seleção condicionadas,compatível estrutural; geografia histórica,disponível; cobertura/proveniência condicionadas,Q006,sem equivalente direto identificado,LC+CH,CN+MT,mesmo arquivo; validar chave,alta: cabeçalho + dicionário,não medida integralmente
2023,dados + dicionario + LeiaMe presentes,76,compatível estrutural,compatível estrutural; comparação condicionada,compatível estrutural; rubrica/seleção condicionadas,compatível estrutural; geografia histórica,disponível; cobertura/proveniência condicionadas,Q006,sem equivalente direto identificado,LC+CH,CN+MT,mesmo arquivo; validar chave,alta: cabeçalho + dicionário,não medida integralmente
2024,dados + dicionario + LeiaMe presentes,38/42,compatível estrutural,compatível estrutural; comparação condicionada,compatível estrutural; rubrica/seleção condicionadas,compatível estrutural; geografia histórica,disponível; cobertura/proveniência condicionadas,Q007,Q006,LC+CH,CN+MT,indisponível: sem chave comum,alta: cabeçalho + dicionário,não medida integralmente
2025,dados + dicionario + LeiaMe presentes,38/70,compatível estrutural,compatível estrutural; comparação condicionada,compatível estrutural; rubrica/seleção condicionadas,compatível estrutural; geografia histórica,disponível; cobertura/proveniência condicionadas,Q007,Q006,LC+CH,CN+MT,indisponível: sem chave comum,alta: cabeçalho + dicionário,não medida integralmente
